solid
facet normal 0.1563864704313627 0.024769183593600953 0.9873853145606972
 outer loop
  vertex 0.0 0.0 35.0
  vertex 10.815594803123158 0.0 33.28697807033037
  vertex 10.286241915118278 3.342202598438419 33.28697807033037
 endloop
endfacet
facet normal 0.14107827309693097 0.07188297051361159 0.9873853145606972
 outer loop
  vertex 0.0 0.0 35.0
  vertex 10.286241915118278 3.342202598438419 33.28697807033037
  vertex 8.749999999999998 6.357247120046907 33.28697807033037
 endloop
endfacet
facet normal 0.11196035144164425 0.11196035144164425 0.9873853145606972
 outer loop
  vertex 0.0 0.0 35.0
  vertex 8.749999999999998 6.357247120046907 33.28697807033037
  vertex 6.357247120046907 8.749999999999998 33.28697807033037
 endloop
endfacet
facet normal 0.07188297051361162 0.14107827309693097 0.9873853145606972
 outer loop
  vertex 0.0 0.0 35.0
  vertex 6.357247120046907 8.749999999999998 33.28697807033037
  vertex 3.34220259843842 10.286241915118278 33.28697807033037
 endloop
endfacet
facet normal 0.02476918359360095 0.1563864704313627 0.9873853145606972
 outer loop
  vertex 0.0 0.0 35.0
  vertex 3.34220259843842 10.286241915118278 33.28697807033037
  vertex 6.622641778259761e-16 10.815594803123158 33.28697807033037
 endloop
endfacet
facet normal -0.02476918359360095 0.15638647043136267 0.9873853145606972
 outer loop
  vertex 0.0 0.0 35.0
  vertex 6.622641778259761e-16 10.815594803123158 33.28697807033037
  vertex -3.3422025984384187 10.286241915118278 33.28697807033037
 endloop
endfacet
facet normal -0.07188297051361162 0.141078273096931 0.9873853145606972
 outer loop
  vertex 0.0 0.0 35.0
  vertex -3.3422025984384187 10.286241915118278 33.28697807033037
  vertex -6.357247120046906 8.749999999999998 33.28697807033037
 endloop
endfacet
facet normal -0.11196035144164419 0.11196035144164429 0.9873853145606972
 outer loop
  vertex 0.0 0.0 35.0
  vertex -6.357247120046906 8.749999999999998 33.28697807033037
  vertex -8.749999999999998 6.357247120046908 33.28697807033037
 endloop
endfacet
facet normal -0.14107827309693102 0.07188297051361162 0.9873853145606972
 outer loop
  vertex 0.0 0.0 35.0
  vertex -8.749999999999998 6.357247120046908 33.28697807033037
  vertex -10.286241915118278 3.3422025984384205 33.28697807033037
 endloop
endfacet
facet normal -0.1563864704313627 0.024769183593600953 0.9873853145606972
 outer loop
  vertex 0.0 0.0 35.0
  vertex -10.286241915118278 3.3422025984384205 33.28697807033037
  vertex -10.815594803123158 1.3245283556519523e-15 33.28697807033037
 endloop
endfacet
facet normal -0.15638647043136272 -0.024769183593600884 0.9873853145606972
 outer loop
  vertex 0.0 0.0 35.0
  vertex -10.815594803123158 1.3245283556519523e-15 33.28697807033037
  vertex -10.28624191511828 -3.342202598438414 33.28697807033037
 endloop
endfacet
facet normal -0.141078273096931 -0.0718829705136116 0.9873853145606972
 outer loop
  vertex 0.0 0.0 35.0
  vertex -10.28624191511828 -3.342202598438414 33.28697807033037
  vertex -8.749999999999998 -6.357247120046906 33.28697807033037
 endloop
endfacet
facet normal -0.11196035144164429 -0.11196035144164419 0.9873853145606972
 outer loop
  vertex 0.0 0.0 35.0
  vertex -8.749999999999998 -6.357247120046906 33.28697807033037
  vertex -6.357247120046908 -8.749999999999998 33.28697807033037
 endloop
endfacet
facet normal -0.07188297051361163 -0.14107827309693102 0.9873853145606972
 outer loop
  vertex 0.0 0.0 35.0
  vertex -6.357247120046908 -8.749999999999998 33.28697807033037
  vertex -3.342202598438421 -10.286241915118278 33.28697807033037
 endloop
endfacet
facet normal -0.024769183593600953 -0.1563864704313627 0.9873853145606972
 outer loop
  vertex 0.0 0.0 35.0
  vertex -3.342202598438421 -10.286241915118278 33.28697807033037
  vertex -1.9867925334779284e-15 -10.815594803123158 33.28697807033037
 endloop
endfacet
facet normal 0.02476918359360095 -0.15638647043136267 0.9873853145606972
 outer loop
  vertex 0.0 0.0 35.0
  vertex -1.9867925334779284e-15 -10.815594803123158 33.28697807033037
  vertex 3.3422025984384174 -10.286241915118278 33.28697807033037
 endloop
endfacet
facet normal 0.07188297051361155 -0.14107827309693102 0.9873853145606972
 outer loop
  vertex 0.0 0.0 35.0
  vertex 3.3422025984384174 -10.286241915118278 33.28697807033037
  vertex 6.357247120046904 -8.75 33.28697807033037
 endloop
endfacet
facet normal 0.1119603514416442 -0.11196035144164435 0.9873853145606972
 outer loop
  vertex 0.0 0.0 35.0
  vertex 6.357247120046904 -8.75 33.28697807033037
  vertex 8.749999999999998 -6.357247120046909 33.28697807033037
 endloop
endfacet
facet normal 0.1410782730969309 -0.07188297051361159 0.9873853145606972
 outer loop
  vertex 0.0 0.0 35.0
  vertex 8.749999999999998 -6.357247120046909 33.28697807033037
  vertex 10.286241915118278 -3.3422025984384223 33.28697807033037
 endloop
endfacet
facet normal 0.1563864704313627 -0.02476918359360093 0.9873853145606972
 outer loop
  vertex 0.0 0.0 35.0
  vertex 10.286241915118278 -3.3422025984384223 33.28697807033037
  vertex 10.815594803123158 0.0 33.28697807033037
 endloop
endfacet
facet normal -0.4528213901582101 -0.07171986244718657 -0.8887120174419512
 outer loop
  vertex 10.815594803123158 0.0 33.28697807033037
  vertex 10.286241915118278 3.342202598438419 33.28697807033037
  vertex 20.57248383023656 0.0 28.31559480312316
 endloop
endfacet
facet normal -0.4528213901582101 -0.07171986244718681 -0.8887120174419509
 outer loop
  vertex 10.286241915118278 3.342202598438419 33.28697807033037
  vertex 19.565594803123158 6.357247120046908 28.31559480312316
  vertex 20.57248383023656 0.0 28.31559480312316
 endloop
endfacet
facet normal -0.40849607749738165 -0.20813914750356446 -0.8887120174419509
 outer loop
  vertex 10.286241915118278 3.342202598438419 33.28697807033037
  vertex 8.749999999999998 6.357247120046907 33.28697807033037
  vertex 19.565594803123158 6.357247120046908 28.31559480312316
 endloop
endfacet
facet normal -0.40849607749738165 -0.20813914750356413 -0.888712017441951
 outer loop
  vertex 8.749999999999998 6.357247120046907 33.28697807033037
  vertex 16.64348903516519 12.092202598438421 28.31559480312316
  vertex 19.565594803123158 6.357247120046908 28.31559480312316
 endloop
endfacet
facet normal -0.3241843226115794 -0.3241843226115794 -0.8887120174419512
 outer loop
  vertex 8.749999999999998 6.357247120046907 33.28697807033037
  vertex 6.357247120046907 8.749999999999998 33.28697807033037
  vertex 16.64348903516519 12.092202598438421 28.31559480312316
 endloop
endfacet
facet normal -0.3241843226115795 -0.3241843226115795 -0.888712017441951
 outer loop
  vertex 6.357247120046907 8.749999999999998 33.28697807033037
  vertex 12.092202598438421 16.64348903516519 28.31559480312316
  vertex 16.64348903516519 12.092202598438421 28.31559480312316
 endloop
endfacet
facet normal -0.20813914750356446 -0.4084960774973815 -0.8887120174419512
 outer loop
  vertex 6.357247120046907 8.749999999999998 33.28697807033037
  vertex 3.34220259843842 10.286241915118278 33.28697807033037
  vertex 12.092202598438421 16.64348903516519 28.31559480312316
 endloop
endfacet
facet normal -0.20813914750356427 -0.4084960774973817 -0.888712017441951
 outer loop
  vertex 3.34220259843842 10.286241915118278 33.28697807033037
  vertex 6.3572471200469085 19.565594803123158 28.31559480312316
  vertex 12.092202598438421 16.64348903516519 28.31559480312316
 endloop
endfacet
facet normal -0.07171986244718656 -0.4528213901582101 -0.8887120174419509
 outer loop
  vertex 3.34220259843842 10.286241915118278 33.28697807033037
  vertex 6.622641778259761e-16 10.815594803123158 33.28697807033037
  vertex 6.3572471200469085 19.565594803123158 28.31559480312316
 endloop
endfacet
facet normal -0.07171986244718682 -0.4528213901582101 -0.8887120174419512
 outer loop
  vertex 6.622641778259761e-16 10.815594803123158 33.28697807033037
  vertex 1.2597013236604942e-15 20.57248383023656 28.31559480312316
  vertex 6.3572471200469085 19.565594803123158 28.31559480312316
 endloop
endfacet
facet normal 0.07171986244718657 -0.4528213901582101 -0.8887120174419512
 outer loop
  vertex 6.622641778259761e-16 10.815594803123158 33.28697807033037
  vertex -3.3422025984384187 10.286241915118278 33.28697807033037
  vertex 1.2597013236604942e-15 20.57248383023656 28.31559480312316
 endloop
endfacet
facet normal 0.0717198624471866 -0.4528213901582101 -0.8887120174419512
 outer loop
  vertex -3.3422025984384187 10.286241915118278 33.28697807033037
  vertex -6.357247120046907 19.56559480312316 28.31559480312316
  vertex 1.2597013236604942e-15 20.57248383023656 28.31559480312316
 endloop
endfacet
facet normal 0.20813914750356446 -0.4084960774973816 -0.8887120174419512
 outer loop
  vertex -3.3422025984384187 10.286241915118278 33.28697807033037
  vertex -6.357247120046906 8.749999999999998 33.28697807033037
  vertex -6.357247120046907 19.56559480312316 28.31559480312316
 endloop
endfacet
facet normal 0.2081391475035644 -0.4084960774973815 -0.888712017441951
 outer loop
  vertex -6.357247120046906 8.749999999999998 33.28697807033037
  vertex -12.09220259843842 16.64348903516519 28.31559480312316
  vertex -6.357247120046907 19.56559480312316 28.31559480312316
 endloop
endfacet
facet normal 0.3241843226115793 -0.32418432261157953 -0.8887120174419512
 outer loop
  vertex -6.357247120046906 8.749999999999998 33.28697807033037
  vertex -8.749999999999998 6.357247120046908 33.28697807033037
  vertex -12.09220259843842 16.64348903516519 28.31559480312316
 endloop
endfacet
facet normal 0.3241843226115796 -0.3241843226115794 -0.8887120174419512
 outer loop
  vertex -8.749999999999998 6.357247120046908 33.28697807033037
  vertex -16.643489035165185 12.092202598438423 28.31559480312316
  vertex -12.09220259843842 16.64348903516519 28.31559480312316
 endloop
endfacet
facet normal 0.4084960774973816 -0.20813914750356446 -0.8887120174419512
 outer loop
  vertex -8.749999999999998 6.357247120046908 33.28697807033037
  vertex -10.286241915118278 3.3422025984384205 33.28697807033037
  vertex -16.643489035165185 12.092202598438423 28.31559480312316
 endloop
endfacet
facet normal 0.40849607749738154 -0.2081391475035644 -0.8887120174419509
 outer loop
  vertex -10.286241915118278 3.3422025984384205 33.28697807033037
  vertex -19.565594803123158 6.357247120046909 28.31559480312316
  vertex -16.643489035165185 12.092202598438423 28.31559480312316
 endloop
endfacet
facet normal 0.4528213901582102 -0.07171986244718659 -0.888712017441951
 outer loop
  vertex -10.286241915118278 3.3422025984384205 33.28697807033037
  vertex -10.815594803123158 1.3245283556519523e-15 33.28697807033037
  vertex -19.565594803123158 6.357247120046909 28.31559480312316
 endloop
endfacet
facet normal 0.45282139015821005 -0.07171986244718681 -0.8887120174419512
 outer loop
  vertex -10.815594803123158 1.3245283556519523e-15 33.28697807033037
  vertex -20.57248383023656 2.5194026473209883e-15 28.31559480312316
  vertex -19.565594803123158 6.357247120046909 28.31559480312316
 endloop
endfacet
facet normal 0.45282139015821016 0.07171986244718641 -0.8887120174419512
 outer loop
  vertex -10.815594803123158 1.3245283556519523e-15 33.28697807033037
  vertex -10.28624191511828 -3.342202598438414 33.28697807033037
  vertex -20.57248383023656 2.5194026473209883e-15 28.31559480312316
 endloop
endfacet
facet normal 0.45282139015821005 0.07171986244718628 -0.8887120174419512
 outer loop
  vertex -10.28624191511828 -3.342202598438414 33.28697807033037
  vertex -19.565594803123165 -6.357247120046897 28.31559480312316
  vertex -20.57248383023656 2.5194026473209883e-15 28.31559480312316
 endloop
endfacet
facet normal 0.4084960774973815 0.20813914750356433 -0.8887120174419509
 outer loop
  vertex -10.28624191511828 -3.342202598438414 33.28697807033037
  vertex -8.749999999999998 -6.357247120046906 33.28697807033037
  vertex -19.565594803123165 -6.357247120046897 28.31559480312316
 endloop
endfacet
facet normal 0.4084960774973815 0.20813914750356427 -0.888712017441951
 outer loop
  vertex -8.749999999999998 -6.357247120046906 33.28697807033037
  vertex -16.64348903516519 -12.09220259843842 28.31559480312316
  vertex -19.565594803123165 -6.357247120046897 28.31559480312316
 endloop
endfacet
facet normal 0.32418432261157953 0.3241843226115793 -0.8887120174419512
 outer loop
  vertex -8.749999999999998 -6.357247120046906 33.28697807033037
  vertex -6.357247120046908 -8.749999999999998 33.28697807033037
  vertex -16.64348903516519 -12.09220259843842 28.31559480312316
 endloop
endfacet
facet normal 0.32418432261157937 0.32418432261157953 -0.8887120174419509
 outer loop
  vertex -6.357247120046908 -8.749999999999998 33.28697807033037
  vertex -12.092202598438423 -16.643489035165185 28.31559480312316
  vertex -16.64348903516519 -12.09220259843842 28.31559480312316
 endloop
endfacet
facet normal 0.2081391475035645 0.4084960774973816 -0.8887120174419512
 outer loop
  vertex -6.357247120046908 -8.749999999999998 33.28697807033037
  vertex -3.342202598438421 -10.286241915118278 33.28697807033037
  vertex -12.092202598438423 -16.643489035165185 28.31559480312316
 endloop
endfacet
facet normal 0.20813914750356444 0.40849607749738154 -0.8887120174419509
 outer loop
  vertex -3.342202598438421 -10.286241915118278 33.28697807033037
  vertex -6.357247120046911 -19.565594803123158 28.31559480312316
  vertex -12.092202598438423 -16.643489035165185 28.31559480312316
 endloop
endfacet
facet normal 0.07171986244718659 0.4528213901582102 -0.888712017441951
 outer loop
  vertex -3.342202598438421 -10.286241915118278 33.28697807033037
  vertex -1.9867925334779284e-15 -10.815594803123158 33.28697807033037
  vertex -6.357247120046911 -19.565594803123158 28.31559480312316
 endloop
endfacet
facet normal 0.07171986244718681 0.45282139015821005 -0.8887120174419512
 outer loop
  vertex -1.9867925334779284e-15 -10.815594803123158 33.28697807033037
  vertex -3.779103970981482e-15 -20.57248383023656 28.31559480312316
  vertex -6.357247120046911 -19.565594803123158 28.31559480312316
 endloop
endfacet
facet normal -0.07171986244718657 0.4528213901582101 -0.8887120174419512
 outer loop
  vertex -1.9867925334779284e-15 -10.815594803123158 33.28697807033037
  vertex 3.3422025984384174 -10.286241915118278 33.28697807033037
  vertex -3.779103970981482e-15 -20.57248383023656 28.31559480312316
 endloop
endfacet
facet normal -0.0717198624471866 0.4528213901582101 -0.8887120174419512
 outer loop
  vertex 3.3422025984384174 -10.286241915118278 33.28697807033037
  vertex 6.357247120046904 -19.56559480312316 28.31559480312316
  vertex -3.779103970981482e-15 -20.57248383023656 28.31559480312316
 endloop
endfacet
facet normal -0.20813914750356427 0.4084960774973816 -0.8887120174419512
 outer loop
  vertex 3.3422025984384174 -10.286241915118278 33.28697807033037
  vertex 6.357247120046904 -8.75 33.28697807033037
  vertex 6.357247120046904 -19.56559480312316 28.31559480312316
 endloop
endfacet
facet normal -0.2081391475035642 0.4084960774973816 -0.8887120174419512
 outer loop
  vertex 6.357247120046904 -8.75 33.28697807033037
  vertex 12.092202598438416 -16.643489035165192 28.31559480312316
  vertex 6.357247120046904 -19.56559480312316 28.31559480312316
 endloop
endfacet
facet normal -0.3241843226115792 0.32418432261157965 -0.8887120174419512
 outer loop
  vertex 6.357247120046904 -8.75 33.28697807033037
  vertex 8.749999999999998 -6.357247120046909 33.28697807033037
  vertex 12.092202598438416 -16.643489035165192 28.31559480312316
 endloop
endfacet
facet normal -0.3241843226115795 0.3241843226115796 -0.888712017441951
 outer loop
  vertex 8.749999999999998 -6.357247120046909 33.28697807033037
  vertex 16.643489035165185 -12.092202598438424 28.31559480312316
  vertex 12.092202598438416 -16.643489035165192 28.31559480312316
 endloop
endfacet
facet normal -0.4084960774973816 0.20813914750356446 -0.8887120174419512
 outer loop
  vertex 8.749999999999998 -6.357247120046909 33.28697807033037
  vertex 10.286241915118278 -3.3422025984384223 33.28697807033037
  vertex 16.643489035165185 -12.092202598438424 28.31559480312316
 endloop
endfacet
facet normal -0.40849607749738154 0.20813914750356444 -0.8887120174419509
 outer loop
  vertex 10.286241915118278 -3.3422025984384223 33.28697807033037
  vertex 19.565594803123158 -6.357247120046913 28.31559480312316
  vertex 16.643489035165185 -12.092202598438424 28.31559480312316
 endloop
endfacet
facet normal -0.45282139015821027 0.07171986244718652 -0.888712017441951
 outer loop
  vertex 10.286241915118278 -3.3422025984384223 33.28697807033037
  vertex 10.815594803123158 0.0 33.28697807033037
  vertex 19.565594803123158 -6.357247120046913 28.31559480312316
 endloop
endfacet
facet normal -0.45282139015821 0.07171986244718673 -0.8887120174419509
 outer loop
  vertex 10.815594803123158 0.0 33.28697807033037
  vertex 20.57248383023656 0.0 28.31559480312316
  vertex 19.565594803123158 -6.357247120046913 28.31559480312316
 endloop
endfacet
facet normal -0.702713511301559 -0.11129888619598743 -0.702713511301559
 outer loop
  vertex 20.57248383023656 0.0 28.31559480312316
  vertex 19.565594803123158 6.357247120046908 28.31559480312316
  vertex 28.31559480312316 0.0 20.57248383023656
 endloop
endfacet
facet normal -0.702713511301559 -0.11129888619598728 -0.7027135113015591
 outer loop
  vertex 19.565594803123158 6.357247120046908 28.31559480312316
  vertex 26.929730950283467 8.75 20.57248383023656
  vertex 28.31559480312316 0.0 20.57248383023656
 endloop
endfacet
facet normal -0.6339270167224327 -0.3230019481421594 -0.702713511301559
 outer loop
  vertex 19.565594803123158 6.357247120046908 28.31559480312316
  vertex 16.64348903516519 12.092202598438421 28.31559480312316
  vertex 26.929730950283467 8.75 20.57248383023656
 endloop
endfacet
facet normal -0.6339270167224326 -0.32300194814215955 -0.702713511301559
 outer loop
  vertex 16.64348903516519 12.092202598438421 28.31559480312316
  vertex 22.90779740156158 16.64348903516519 20.57248383023656
  vertex 26.929730950283467 8.75 20.57248383023656
 endloop
endfacet
facet normal -0.5030873289172735 -0.5030873289172735 -0.702713511301559
 outer loop
  vertex 16.64348903516519 12.092202598438421 28.31559480312316
  vertex 12.092202598438421 16.64348903516519 28.31559480312316
  vertex 22.90779740156158 16.64348903516519 20.57248383023656
 endloop
endfacet
facet normal -0.5030873289172735 -0.5030873289172734 -0.7027135113015589
 outer loop
  vertex 12.092202598438421 16.64348903516519 28.31559480312316
  vertex 16.64348903516519 22.90779740156158 20.57248383023656
  vertex 22.90779740156158 16.64348903516519 20.57248383023656
 endloop
endfacet
facet normal -0.32300194814215943 -0.6339270167224327 -0.7027135113015589
 outer loop
  vertex 12.092202598438421 16.64348903516519 28.31559480312316
  vertex 6.3572471200469085 19.565594803123158 28.31559480312316
  vertex 16.64348903516519 22.90779740156158 20.57248383023656
 endloop
endfacet
facet normal -0.32300194814215966 -0.6339270167224325 -0.7027135113015591
 outer loop
  vertex 6.3572471200469085 19.565594803123158 28.31559480312316
  vertex 8.750000000000002 26.929730950283467 20.57248383023656
  vertex 16.64348903516519 22.90779740156158 20.57248383023656
 endloop
endfacet
facet normal -0.1112988861959874 -0.7027135113015589 -0.7027135113015591
 outer loop
  vertex 6.3572471200469085 19.565594803123158 28.31559480312316
  vertex 1.2597013236604942e-15 20.57248383023656 28.31559480312316
  vertex 8.750000000000002 26.929730950283467 20.57248383023656
 endloop
endfacet
facet normal -0.11129888619598728 -0.702713511301559 -0.702713511301559
 outer loop
  vertex 1.2597013236604942e-15 20.57248383023656 28.31559480312316
  vertex 1.7338301270799105e-15 28.31559480312316 20.57248383023656
  vertex 8.750000000000002 26.929730950283467 20.57248383023656
 endloop
endfacet
facet normal 0.11129888619598705 -0.702713511301559 -0.702713511301559
 outer loop
  vertex 1.2597013236604942e-15 20.57248383023656 28.31559480312316
  vertex -6.357247120046907 19.56559480312316 28.31559480312316
  vertex 1.7338301270799105e-15 28.31559480312316 20.57248383023656
 endloop
endfacet
facet normal 0.11129888619598699 -0.702713511301559 -0.702713511301559
 outer loop
  vertex -6.357247120046907 19.56559480312316 28.31559480312316
  vertex -8.749999999999998 26.92973095028347 20.57248383023656
  vertex 1.7338301270799105e-15 28.31559480312316 20.57248383023656
 endloop
endfacet
facet normal 0.32300194814215977 -0.6339270167224326 -0.7027135113015591
 outer loop
  vertex -6.357247120046907 19.56559480312316 28.31559480312316
  vertex -12.09220259843842 16.64348903516519 28.31559480312316
  vertex -8.749999999999998 26.92973095028347 20.57248383023656
 endloop
endfacet
facet normal 0.3230019481421598 -0.6339270167224325 -0.702713511301559
 outer loop
  vertex -12.09220259843842 16.64348903516519 28.31559480312316
  vertex -16.643489035165185 22.90779740156158 20.57248383023656
  vertex -8.749999999999998 26.92973095028347 20.57248383023656
 endloop
endfacet
facet normal 0.5030873289172735 -0.5030873289172735 -0.7027135113015589
 outer loop
  vertex -12.09220259843842 16.64348903516519 28.31559480312316
  vertex -16.643489035165185 12.092202598438423 28.31559480312316
  vertex -16.643489035165185 22.90779740156158 20.57248383023656
 endloop
endfacet
facet normal 0.5030873289172731 -0.5030873289172736 -0.702713511301559
 outer loop
  vertex -16.643489035165185 12.092202598438423 28.31559480312316
  vertex -22.907797401561577 16.643489035165192 20.57248383023656
  vertex -16.643489035165185 22.90779740156158 20.57248383023656
 endloop
endfacet
facet normal 0.6339270167224327 -0.32300194814215977 -0.7027135113015591
 outer loop
  vertex -16.643489035165185 12.092202598438423 28.31559480312316
  vertex -19.565594803123158 6.357247120046909 28.31559480312316
  vertex -22.907797401561577 16.643489035165192 20.57248383023656
 endloop
endfacet
facet normal 0.6339270167224323 -0.3230019481421598 -0.7027135113015591
 outer loop
  vertex -19.565594803123158 6.357247120046909 28.31559480312316
  vertex -26.929730950283467 8.750000000000004 20.57248383023656
  vertex -22.907797401561577 16.643489035165192 20.57248383023656
 endloop
endfacet
facet normal 0.7027135113015589 -0.11129888619598743 -0.7027135113015591
 outer loop
  vertex -19.565594803123158 6.357247120046909 28.31559480312316
  vertex -20.57248383023656 2.5194026473209883e-15 28.31559480312316
  vertex -26.929730950283467 8.750000000000004 20.57248383023656
 endloop
endfacet
facet normal 0.702713511301559 -0.11129888619598728 -0.7027135113015591
 outer loop
  vertex -20.57248383023656 2.5194026473209883e-15 28.31559480312316
  vertex -28.31559480312316 3.467660254159821e-15 20.57248383023656
  vertex -26.929730950283467 8.750000000000004 20.57248383023656
 endloop
endfacet
facet normal 0.7027135113015591 0.11129888619598681 -0.7027135113015591
 outer loop
  vertex -20.57248383023656 2.5194026473209883e-15 28.31559480312316
  vertex -19.565594803123165 -6.357247120046897 28.31559480312316
  vertex -28.31559480312316 3.467660254159821e-15 20.57248383023656
 endloop
endfacet
facet normal 0.7027135113015591 0.11129888619598685 -0.7027135113015591
 outer loop
  vertex -19.565594803123165 -6.357247120046897 28.31559480312316
  vertex -26.929730950283474 -8.749999999999986 20.57248383023656
  vertex -28.31559480312316 3.467660254159821e-15 20.57248383023656
 endloop
endfacet
facet normal 0.6339270167224326 0.3230019481421596 -0.702713511301559
 outer loop
  vertex -19.565594803123165 -6.357247120046897 28.31559480312316
  vertex -16.64348903516519 -12.09220259843842 28.31559480312316
  vertex -26.929730950283474 -8.749999999999986 20.57248383023656
 endloop
endfacet
facet normal 0.6339270167224326 0.3230019481421597 -0.7027135113015589
 outer loop
  vertex -16.64348903516519 -12.09220259843842 28.31559480312316
  vertex -22.90779740156158 -16.643489035165185 20.57248383023656
  vertex -26.929730950283474 -8.749999999999986 20.57248383023656
 endloop
endfacet
facet normal 0.5030873289172735 0.5030873289172735 -0.7027135113015589
 outer loop
  vertex -16.64348903516519 -12.09220259843842 28.31559480312316
  vertex -12.092202598438423 -16.643489035165185 28.31559480312316
  vertex -22.90779740156158 -16.643489035165185 20.57248383023656
 endloop
endfacet
facet normal 0.5030873289172736 0.5030873289172731 -0.702713511301559
 outer loop
  vertex -12.092202598438423 -16.643489035165185 28.31559480312316
  vertex -16.643489035165192 -22.907797401561577 20.57248383023656
  vertex -22.90779740156158 -16.643489035165185 20.57248383023656
 endloop
endfacet
facet normal 0.32300194814215977 0.6339270167224325 -0.702713511301559
 outer loop
  vertex -12.092202598438423 -16.643489035165185 28.31559480312316
  vertex -6.357247120046911 -19.565594803123158 28.31559480312316
  vertex -16.643489035165192 -22.907797401561577 20.57248383023656
 endloop
endfacet
facet normal 0.3230019481421598 0.6339270167224323 -0.7027135113015591
 outer loop
  vertex -6.357247120046911 -19.565594803123158 28.31559480312316
  vertex -8.750000000000005 -26.929730950283467 20.57248383023656
  vertex -16.643489035165192 -22.907797401561577 20.57248383023656
 endloop
endfacet
facet normal 0.1112988861959874 0.7027135113015589 -0.7027135113015591
 outer loop
  vertex -6.357247120046911 -19.565594803123158 28.31559480312316
  vertex -3.779103970981482e-15 -20.57248383023656 28.31559480312316
  vertex -8.750000000000005 -26.929730950283467 20.57248383023656
 endloop
endfacet
facet normal 0.11129888619598728 0.702713511301559 -0.702713511301559
 outer loop
  vertex -3.779103970981482e-15 -20.57248383023656 28.31559480312316
  vertex -5.201490381239731e-15 -28.31559480312316 20.57248383023656
  vertex -8.750000000000005 -26.929730950283467 20.57248383023656
 endloop
endfacet
facet normal -0.11129888619598705 0.702713511301559 -0.702713511301559
 outer loop
  vertex -3.779103970981482e-15 -20.57248383023656 28.31559480312316
  vertex 6.357247120046904 -19.56559480312316 28.31559480312316
  vertex -5.201490381239731e-15 -28.31559480312316 20.57248383023656
 endloop
endfacet
facet normal -0.11129888619598699 0.702713511301559 -0.702713511301559
 outer loop
  vertex 6.357247120046904 -19.56559480312316 28.31559480312316
  vertex 8.749999999999995 -26.92973095028347 20.57248383023656
  vertex -5.201490381239731e-15 -28.31559480312316 20.57248383023656
 endloop
endfacet
facet normal -0.32300194814215943 0.6339270167224326 -0.7027135113015589
 outer loop
  vertex 6.357247120046904 -19.56559480312316 28.31559480312316
  vertex 12.092202598438416 -16.643489035165192 28.31559480312316
  vertex 8.749999999999995 -26.92973095028347 20.57248383023656
 endloop
endfacet
facet normal -0.3230019481421596 0.6339270167224326 -0.7027135113015589
 outer loop
  vertex 12.092202598438416 -16.643489035165192 28.31559480312316
  vertex 16.64348903516518 -22.907797401561584 20.57248383023656
  vertex 8.749999999999995 -26.92973095028347 20.57248383023656
 endloop
endfacet
facet normal -0.5030873289172734 0.5030873289172735 -0.7027135113015589
 outer loop
  vertex 12.092202598438416 -16.643489035165192 28.31559480312316
  vertex 16.643489035165185 -12.092202598438424 28.31559480312316
  vertex 16.64348903516518 -22.907797401561584 20.57248383023656
 endloop
endfacet
facet normal -0.503087328917273 0.5030873289172737 -0.702713511301559
 outer loop
  vertex 16.643489035165185 -12.092202598438424 28.31559480312316
  vertex 22.907797401561577 -16.643489035165196 20.57248383023656
  vertex 16.64348903516518 -22.907797401561584 20.57248383023656
 endloop
endfacet
facet normal -0.6339270167224325 0.32300194814215977 -0.702713511301559
 outer loop
  vertex 16.643489035165185 -12.092202598438424 28.31559480312316
  vertex 19.565594803123158 -6.357247120046913 28.31559480312316
  vertex 22.907797401561577 -16.643489035165196 20.57248383023656
 endloop
endfacet
facet normal -0.6339270167224323 0.3230019481421598 -0.7027135113015591
 outer loop
  vertex 19.565594803123158 -6.357247120046913 28.31559480312316
  vertex 26.929730950283467 -8.750000000000007 20.57248383023656
  vertex 22.907797401561577 -16.643489035165196 20.57248383023656
 endloop
endfacet
facet normal -0.7027135113015589 0.11129888619598732 -0.702713511301559
 outer loop
  vertex 19.565594803123158 -6.357247120046913 28.31559480312316
  vertex 20.57248383023656 0.0 28.31559480312316
  vertex 26.929730950283467 -8.750000000000007 20.57248383023656
 endloop
endfacet
facet normal -0.7027135113015591 0.1112988861959872 -0.7027135113015591
 outer loop
  vertex 20.57248383023656 0.0 28.31559480312316
  vertex 28.31559480312316 0.0 20.57248383023656
  vertex 26.929730950283467 -8.750000000000007 20.57248383023656
 endloop
endfacet
facet normal -0.882264553854614 -0.13973697758043993 -0.4495362433757733
 outer loop
  vertex 28.31559480312316 0.0 20.57248383023656
  vertex 26.929730950283467 8.75 20.57248383023656
  vertex 33.28697807033037 0.0 10.815594803123162
 endloop
endfacet
facet normal -0.882264553854614 -0.1397369775804399 -0.44953624337577336
 outer loop
  vertex 26.929730950283467 8.75 20.57248383023656
  vertex 31.657797401561574 10.286241915118277 10.815594803123162
  vertex 33.28697807033037 0.0 10.815594803123162
 endloop
endfacet
facet normal -0.7959023522247204 -0.40553250377097366 -0.44953624337577336
 outer loop
  vertex 26.929730950283467 8.75 20.57248383023656
  vertex 22.90779740156158 16.64348903516519 20.57248383023656
  vertex 31.657797401561574 10.286241915118277 10.815594803123162
 endloop
endfacet
facet normal -0.7959023522247203 -0.4055325037709736 -0.4495362433757734
 outer loop
  vertex 22.90779740156158 16.64348903516519 20.57248383023656
  vertex 26.929730950283464 19.565594803123158 10.815594803123162
  vertex 31.657797401561574 10.286241915118277 10.815594803123162
 endloop
endfacet
facet normal -0.6316316829813073 -0.6316316829813073 -0.44953624337577347
 outer loop
  vertex 22.90779740156158 16.64348903516519 20.57248383023656
  vertex 16.64348903516519 22.90779740156158 20.57248383023656
  vertex 26.929730950283464 19.565594803123158 10.815594803123162
 endloop
endfacet
facet normal -0.6316316829813073 -0.6316316829813072 -0.44953624337577347
 outer loop
  vertex 16.64348903516519 22.90779740156158 20.57248383023656
  vertex 19.565594803123158 26.929730950283464 10.815594803123162
  vertex 26.929730950283464 19.565594803123158 10.815594803123162
 endloop
endfacet
facet normal -0.40553250377097366 -0.7959023522247203 -0.44953624337577347
 outer loop
  vertex 16.64348903516519 22.90779740156158 20.57248383023656
  vertex 8.750000000000002 26.929730950283467 20.57248383023656
  vertex 19.565594803123158 26.929730950283464 10.815594803123162
 endloop
endfacet
facet normal -0.40553250377097366 -0.7959023522247203 -0.44953624337577336
 outer loop
  vertex 8.750000000000002 26.929730950283467 20.57248383023656
  vertex 10.286241915118278 31.657797401561574 10.815594803123162
  vertex 19.565594803123158 26.929730950283464 10.815594803123162
 endloop
endfacet
facet normal -0.13973697758043996 -0.8822645538546141 -0.44953624337577336
 outer loop
  vertex 8.750000000000002 26.929730950283467 20.57248383023656
  vertex 1.7338301270799105e-15 28.31559480312316 20.57248383023656
  vertex 10.286241915118278 31.657797401561574 10.815594803123162
 endloop
endfacet
facet normal -0.13973697758043996 -0.882264553854614 -0.44953624337577336
 outer loop
  vertex 1.7338301270799105e-15 28.31559480312316 20.57248383023656
  vertex 2.0382395573559112e-15 33.28697807033037 10.815594803123162
  vertex 10.286241915118278 31.657797401561574 10.815594803123162
 endloop
endfacet
facet normal 0.1397369775804396 -0.8822645538546141 -0.44953624337577336
 outer loop
  vertex 1.7338301270799105e-15 28.31559480312316 20.57248383023656
  vertex -8.749999999999998 26.92973095028347 20.57248383023656
  vertex 2.0382395573559112e-15 33.28697807033037 10.815594803123162
 endloop
endfacet
facet normal 0.13973697758043957 -0.882264553854614 -0.4495362433757733
 outer loop
  vertex -8.749999999999998 26.92973095028347 20.57248383023656
  vertex -10.286241915118275 31.657797401561577 10.815594803123162
  vertex 2.0382395573559112e-15 33.28697807033037 10.815594803123162
 endloop
endfacet
facet normal 0.405532503770974 -0.7959023522247202 -0.4495362433757733
 outer loop
  vertex -8.749999999999998 26.92973095028347 20.57248383023656
  vertex -16.643489035165185 22.90779740156158 20.57248383023656
  vertex -10.286241915118275 31.657797401561577 10.815594803123162
 endloop
endfacet
facet normal 0.4055325037709738 -0.7959023522247202 -0.4495362433757734
 outer loop
  vertex -16.643489035165185 22.90779740156158 20.57248383023656
  vertex -19.565594803123155 26.929730950283464 10.815594803123162
  vertex -10.286241915118275 31.657797401561577 10.815594803123162
 endloop
endfacet
facet normal 0.6316316829813072 -0.6316316829813075 -0.4495362433757734
 outer loop
  vertex -16.643489035165185 22.90779740156158 20.57248383023656
  vertex -22.907797401561577 16.643489035165192 20.57248383023656
  vertex -19.565594803123155 26.929730950283464 10.815594803123162
 endloop
endfacet
facet normal 0.6316316829813071 -0.6316316829813075 -0.44953624337577347
 outer loop
  vertex -22.907797401561577 16.643489035165192 20.57248383023656
  vertex -26.92973095028346 19.56559480312316 10.815594803123162
  vertex -19.565594803123155 26.929730950283464 10.815594803123162
 endloop
endfacet
facet normal 0.7959023522247202 -0.40553250377097394 -0.44953624337577347
 outer loop
  vertex -22.907797401561577 16.643489035165192 20.57248383023656
  vertex -26.929730950283467 8.750000000000004 20.57248383023656
  vertex -26.92973095028346 19.56559480312316 10.815594803123162
 endloop
endfacet
facet normal 0.7959023522247202 -0.40553250377097383 -0.44953624337577336
 outer loop
  vertex -26.929730950283467 8.750000000000004 20.57248383023656
  vertex -31.657797401561574 10.28624191511828 10.815594803123162
  vertex -26.92973095028346 19.56559480312316 10.815594803123162
 endloop
endfacet
facet normal 0.882264553854614 -0.13973697758043993 -0.4495362433757733
 outer loop
  vertex -26.929730950283467 8.750000000000004 20.57248383023656
  vertex -28.31559480312316 3.467660254159821e-15 20.57248383023656
  vertex -31.657797401561574 10.28624191511828 10.815594803123162
 endloop
endfacet
facet normal 0.882264553854614 -0.13973697758043996 -0.44953624337577336
 outer loop
  vertex -28.31559480312316 3.467660254159821e-15 20.57248383023656
  vertex -33.28697807033037 4.0764791147118225e-15 10.815594803123162
  vertex -31.657797401561574 10.28624191511828 10.815594803123162
 endloop
endfacet
facet normal 0.882264553854614 0.1397369775804394 -0.4495362433757734
 outer loop
  vertex -28.31559480312316 3.467660254159821e-15 20.57248383023656
  vertex -26.929730950283474 -8.749999999999986 20.57248383023656
  vertex -33.28697807033037 4.0764791147118225e-15 10.815594803123162
 endloop
endfacet
facet normal 0.882264553854614 0.13973697758043943 -0.4495362433757733
 outer loop
  vertex -26.929730950283474 -8.749999999999986 20.57248383023656
  vertex -31.65779740156158 -10.28624191511826 10.815594803123162
  vertex -33.28697807033037 4.0764791147118225e-15 10.815594803123162
 endloop
endfacet
facet normal 0.7959023522247203 0.40553250377097383 -0.4495362433757733
 outer loop
  vertex -26.929730950283474 -8.749999999999986 20.57248383023656
  vertex -22.90779740156158 -16.643489035165185 20.57248383023656
  vertex -31.65779740156158 -10.28624191511826 10.815594803123162
 endloop
endfacet
facet normal 0.7959023522247203 0.40553250377097366 -0.4495362433757734
 outer loop
  vertex -22.90779740156158 -16.643489035165185 20.57248383023656
  vertex -26.929730950283464 -19.565594803123155 10.815594803123162
  vertex -31.65779740156158 -10.28624191511826 10.815594803123162
 endloop
endfacet
facet normal 0.6316316829813075 0.6316316829813072 -0.4495362433757734
 outer loop
  vertex -22.90779740156158 -16.643489035165185 20.57248383023656
  vertex -16.643489035165192 -22.907797401561577 20.57248383023656
  vertex -26.929730950283464 -19.565594803123155 10.815594803123162
 endloop
endfacet
facet normal 0.6316316829813075 0.6316316829813071 -0.44953624337577347
 outer loop
  vertex -16.643489035165192 -22.907797401561577 20.57248383023656
  vertex -19.56559480312316 -26.92973095028346 10.815594803123162
  vertex -26.929730950283464 -19.565594803123155 10.815594803123162
 endloop
endfacet
facet normal 0.40553250377097394 0.79590235222472 -0.4495362433757734
 outer loop
  vertex -16.643489035165192 -22.907797401561577 20.57248383023656
  vertex -8.750000000000005 -26.929730950283467 20.57248383023656
  vertex -19.56559480312316 -26.92973095028346 10.815594803123162
 endloop
endfacet
facet normal 0.40553250377097394 0.7959023522247202 -0.4495362433757734
 outer loop
  vertex -8.750000000000005 -26.929730950283467 20.57248383023656
  vertex -10.286241915118284 -31.657797401561574 10.815594803123162
  vertex -19.56559480312316 -26.92973095028346 10.815594803123162
 endloop
endfacet
facet normal 0.13973697758043993 0.882264553854614 -0.44953624337577336
 outer loop
  vertex -8.750000000000005 -26.929730950283467 20.57248383023656
  vertex -5.201490381239731e-15 -28.31559480312316 20.57248383023656
  vertex -10.286241915118284 -31.657797401561574 10.815594803123162
 endloop
endfacet
facet normal 0.13973697758043993 0.8822645538546139 -0.44953624337577336
 outer loop
  vertex -5.201490381239731e-15 -28.31559480312316 20.57248383023656
  vertex -6.114718672067734e-15 -33.28697807033037 10.815594803123162
  vertex -10.286241915118284 -31.657797401561574 10.815594803123162
 endloop
endfacet
facet normal -0.1397369775804396 0.8822645538546141 -0.44953624337577336
 outer loop
  vertex -5.201490381239731e-15 -28.31559480312316 20.57248383023656
  vertex 8.749999999999995 -26.92973095028347 20.57248383023656
  vertex -6.114718672067734e-15 -33.28697807033037 10.815594803123162
 endloop
endfacet
facet normal -0.13973697758043957 0.882264553854614 -0.4495362433757733
 outer loop
  vertex 8.749999999999995 -26.92973095028347 20.57248383023656
  vertex 10.286241915118271 -31.657797401561577 10.815594803123162
  vertex -6.114718672067734e-15 -33.28697807033037 10.815594803123162
 endloop
endfacet
facet normal -0.40553250377097366 0.7959023522247203 -0.4495362433757733
 outer loop
  vertex 8.749999999999995 -26.92973095028347 20.57248383023656
  vertex 16.64348903516518 -22.907797401561584 20.57248383023656
  vertex 10.286241915118271 -31.657797401561577 10.815594803123162
 endloop
endfacet
facet normal -0.4055325037709736 0.7959023522247203 -0.44953624337577336
 outer loop
  vertex 16.64348903516518 -22.907797401561584 20.57248383023656
  vertex 19.56559480312315 -26.929730950283467 10.815594803123162
  vertex 10.286241915118271 -31.657797401561577 10.815594803123162
 endloop
endfacet
facet normal -0.631631682981307 0.6316316829813077 -0.4495362433757735
 outer loop
  vertex 16.64348903516518 -22.907797401561584 20.57248383023656
  vertex 22.907797401561577 -16.643489035165196 20.57248383023656
  vertex 19.56559480312315 -26.929730950283467 10.815594803123162
 endloop
endfacet
facet normal -0.631631682981307 0.6316316829813077 -0.4495362433757734
 outer loop
  vertex 22.907797401561577 -16.643489035165196 20.57248383023656
  vertex 26.92973095028346 -19.565594803123165 10.815594803123162
  vertex 19.56559480312315 -26.929730950283467 10.815594803123162
 endloop
endfacet
facet normal -0.7959023522247202 0.40553250377097394 -0.44953624337577347
 outer loop
  vertex 22.907797401561577 -16.643489035165196 20.57248383023656
  vertex 26.929730950283467 -8.750000000000007 20.57248383023656
  vertex 26.92973095028346 -19.565594803123165 10.815594803123162
 endloop
endfacet
facet normal -0.79590235222472 0.4055325037709739 -0.4495362433757734
 outer loop
  vertex 26.929730950283467 -8.750000000000007 20.57248383023656
  vertex 31.657797401561574 -10.286241915118287 10.815594803123162
  vertex 26.92973095028346 -19.565594803123165 10.815594803123162
 endloop
endfacet
facet normal -0.8822645538546141 0.13973697758043985 -0.4495362433757734
 outer loop
  vertex 26.929730950283467 -8.750000000000007 20.57248383023656
  vertex 28.31559480312316 0.0 20.57248383023656
  vertex 31.657797401561574 -10.286241915118287 10.815594803123162
 endloop
endfacet
facet normal -0.882264553854614 0.13973697758043982 -0.44953624337577336
 outer loop
  vertex 28.31559480312316 0.0 20.57248383023656
  vertex 33.28697807033037 0.0 10.815594803123162
  vertex 31.657797401561574 -10.286241915118287 10.815594803123162
 endloop
endfacet
facet normal -0.9758204948378663 -0.1545547829321077 -0.15455478293210792
 outer loop
  vertex 33.28697807033037 0.0 10.815594803123162
  vertex 31.657797401561574 10.286241915118277 10.815594803123162
  vertex 35.0 0.0 2.1431318985078682e-15
 endloop
endfacet
facet normal -0.9758204948378663 -0.15455478293210795 -0.15455478293210767
 outer loop
  vertex 31.657797401561574 10.286241915118277 10.815594803123162
  vertex 33.28697807033037 10.815594803123158 2.1431318985078682e-15
  vertex 35.0 0.0 2.1431318985078682e-15
 endloop
endfacet
facet normal -0.8803003858619619 -0.448535449796435 -0.15455478293210773
 outer loop
  vertex 31.657797401561574 10.286241915118277 10.815594803123162
  vertex 26.929730950283464 19.565594803123158 10.815594803123162
  vertex 33.28697807033037 10.815594803123158 2.1431318985078682e-15
 endloop
endfacet
facet normal -0.8803003858619619 -0.4485354497964346 -0.15455478293210803
 outer loop
  vertex 26.929730950283464 19.565594803123158 10.815594803123162
  vertex 28.31559480312316 20.57248383023656 2.1431318985078682e-15
  vertex 33.28697807033037 10.815594803123158 2.1431318985078682e-15
 endloop
endfacet
facet normal -0.6986103417044472 -0.6986103417044472 -0.154554782932108
 outer loop
  vertex 26.929730950283464 19.565594803123158 10.815594803123162
  vertex 19.565594803123158 26.929730950283464 10.815594803123162
  vertex 28.31559480312316 20.57248383023656 2.1431318985078682e-15
 endloop
endfacet
facet normal -0.6986103417044472 -0.6986103417044472 -0.15455478293210803
 outer loop
  vertex 19.565594803123158 26.929730950283464 10.815594803123162
  vertex 20.57248383023656 28.31559480312316 2.1431318985078682e-15
  vertex 28.31559480312316 20.57248383023656 2.1431318985078682e-15
 endloop
endfacet
facet normal -0.448535449796435 -0.8803003858619618 -0.15455478293210806
 outer loop
  vertex 19.565594803123158 26.929730950283464 10.815594803123162
  vertex 10.286241915118278 31.657797401561574 10.815594803123162
  vertex 20.57248383023656 28.31559480312316 2.1431318985078682e-15
 endloop
endfacet
facet normal -0.4485354497964347 -0.880300385861962 -0.1545547829321078
 outer loop
  vertex 10.286241915118278 31.657797401561574 10.815594803123162
  vertex 10.815594803123162 33.28697807033037 2.1431318985078682e-15
  vertex 20.57248383023656 28.31559480312316 2.1431318985078682e-15
 endloop
endfacet
facet normal -0.1545547829321077 -0.9758204948378663 -0.1545547829321077
 outer loop
  vertex 10.286241915118278 31.657797401561574 10.815594803123162
  vertex 2.0382395573559112e-15 33.28697807033037 10.815594803123162
  vertex 10.815594803123162 33.28697807033037 2.1431318985078682e-15
 endloop
endfacet
facet normal -0.15455478293210792 -0.9758204948378663 -0.15455478293210792
 outer loop
  vertex 2.0382395573559112e-15 33.28697807033037 10.815594803123162
  vertex 2.1431318985078682e-15 35.0 2.1431318985078682e-15
  vertex 10.815594803123162 33.28697807033037 2.1431318985078682e-15
 endloop
endfacet
facet normal 0.15455478293210737 -0.9758204948378664 -0.15455478293210795
 outer loop
  vertex 2.0382395573559112e-15 33.28697807033037 10.815594803123162
  vertex -10.286241915118275 31.657797401561577 10.815594803123162
  vertex 2.1431318985078682e-15 35.0 2.1431318985078682e-15
 endloop
endfacet
facet normal 0.15455478293210734 -0.9758204948378663 -0.15455478293210798
 outer loop
  vertex -10.286241915118275 31.657797401561577 10.815594803123162
  vertex -10.815594803123156 33.28697807033038 2.1431318985078682e-15
  vertex 2.1431318985078682e-15 35.0 2.1431318985078682e-15
 endloop
endfacet
facet normal 0.44853544979643517 -0.8803003858619616 -0.15455478293210795
 outer loop
  vertex -10.286241915118275 31.657797401561577 10.815594803123162
  vertex -19.565594803123155 26.929730950283464 10.815594803123162
  vertex -10.815594803123156 33.28697807033038 2.1431318985078682e-15
 endloop
endfacet
facet normal 0.44853544979643517 -0.8803003858619617 -0.1545547829321081
 outer loop
  vertex -19.565594803123155 26.929730950283464 10.815594803123162
  vertex -20.572483830236557 28.31559480312316 2.1431318985078682e-15
  vertex -10.815594803123156 33.28697807033038 2.1431318985078682e-15
 endloop
endfacet
facet normal 0.698610341704447 -0.6986103417044474 -0.15455478293210806
 outer loop
  vertex -19.565594803123155 26.929730950283464 10.815594803123162
  vertex -26.92973095028346 19.56559480312316 10.815594803123162
  vertex -20.572483830236557 28.31559480312316 2.1431318985078682e-15
 endloop
endfacet
facet normal 0.698610341704447 -0.6986103417044474 -0.15455478293210803
 outer loop
  vertex -26.92973095028346 19.56559480312316 10.815594803123162
  vertex -28.315594803123158 20.572483830236564 2.1431318985078682e-15
  vertex -20.572483830236557 28.31559480312316 2.1431318985078682e-15
 endloop
endfacet
facet normal 0.8803003858619617 -0.44853544979643517 -0.1545547829321081
 outer loop
  vertex -26.92973095028346 19.56559480312316 10.815594803123162
  vertex -31.657797401561574 10.28624191511828 10.815594803123162
  vertex -28.315594803123158 20.572483830236564 2.1431318985078682e-15
 endloop
endfacet
facet normal 0.8803003858619618 -0.44853544979643495 -0.15455478293210775
 outer loop
  vertex -31.657797401561574 10.28624191511828 10.815594803123162
  vertex -33.28697807033037 10.815594803123163 2.1431318985078682e-15
  vertex -28.315594803123158 20.572483830236564 2.1431318985078682e-15
 endloop
endfacet
facet normal 0.9758204948378664 -0.15455478293210773 -0.15455478293210773
 outer loop
  vertex -31.657797401561574 10.28624191511828 10.815594803123162
  vertex -33.28697807033037 4.0764791147118225e-15 10.815594803123162
  vertex -33.28697807033037 10.815594803123163 2.1431318985078682e-15
 endloop
endfacet
facet normal 0.9758204948378663 -0.15455478293210792 -0.15455478293210792
 outer loop
  vertex -33.28697807033037 4.0764791147118225e-15 10.815594803123162
  vertex -35.0 4.2862637970157365e-15 2.1431318985078682e-15
  vertex -33.28697807033037 10.815594803123163 2.1431318985078682e-15
 endloop
endfacet
facet normal 0.9758204948378663 0.15455478293210723 -0.15455478293210795
 outer loop
  vertex -33.28697807033037 4.0764791147118225e-15 10.815594803123162
  vertex -31.65779740156158 -10.28624191511826 10.815594803123162
  vertex -35.0 4.2862637970157365e-15 2.1431318985078682e-15
 endloop
endfacet
facet normal 0.9758204948378664 0.15455478293210687 -0.15455478293210828
 outer loop
  vertex -31.65779740156158 -10.28624191511826 10.815594803123162
  vertex -33.286978070330385 -10.815594803123142 2.1431318985078682e-15
  vertex -35.0 4.2862637970157365e-15 2.1431318985078682e-15
 endloop
endfacet
facet normal 0.8803003858619617 0.4485354497964349 -0.15455478293210825
 outer loop
  vertex -31.65779740156158 -10.28624191511826 10.815594803123162
  vertex -26.929730950283464 -19.565594803123155 10.815594803123162
  vertex -33.286978070330385 -10.815594803123142 2.1431318985078682e-15
 endloop
endfacet
facet normal 0.8803003858619617 0.44853544979643517 -0.15455478293210806
 outer loop
  vertex -26.929730950283464 -19.565594803123155 10.815594803123162
  vertex -28.31559480312316 -20.572483830236557 2.1431318985078682e-15
  vertex -33.286978070330385 -10.815594803123142 2.1431318985078682e-15
 endloop
endfacet
facet normal 0.6986103417044474 0.698610341704447 -0.15455478293210806
 outer loop
  vertex -26.929730950283464 -19.565594803123155 10.815594803123162
  vertex -19.56559480312316 -26.92973095028346 10.815594803123162
  vertex -28.31559480312316 -20.572483830236557 2.1431318985078682e-15
 endloop
endfacet
facet normal 0.6986103417044474 0.698610341704447 -0.15455478293210803
 outer loop
  vertex -19.56559480312316 -26.92973095028346 10.815594803123162
  vertex -20.572483830236564 -28.315594803123158 2.1431318985078682e-15
  vertex -28.31559480312316 -20.572483830236557 2.1431318985078682e-15
 endloop
endfacet
facet normal 0.4485354497964353 0.8803003858619616 -0.15455478293210806
 outer loop
  vertex -19.56559480312316 -26.92973095028346 10.815594803123162
  vertex -10.286241915118284 -31.657797401561574 10.815594803123162
  vertex -20.572483830236564 -28.315594803123158 2.1431318985078682e-15
 endloop
endfacet
facet normal 0.448535449796435 0.8803003858619618 -0.1545547829321077
 outer loop
  vertex -10.286241915118284 -31.657797401561574 10.815594803123162
  vertex -10.815594803123165 -33.28697807033037 2.1431318985078682e-15
  vertex -20.572483830236564 -28.315594803123158 2.1431318985078682e-15
 endloop
endfacet
facet normal 0.15455478293210767 0.9758204948378663 -0.15455478293210767
 outer loop
  vertex -10.286241915118284 -31.657797401561574 10.815594803123162
  vertex -6.114718672067734e-15 -33.28697807033037 10.815594803123162
  vertex -10.815594803123165 -33.28697807033037 2.1431318985078682e-15
 endloop
endfacet
facet normal 0.15455478293210792 0.9758204948378663 -0.15455478293210792
 outer loop
  vertex -6.114718672067734e-15 -33.28697807033037 10.815594803123162
  vertex -6.429395695523604e-15 -35.0 2.1431318985078682e-15
  vertex -10.815594803123165 -33.28697807033037 2.1431318985078682e-15
 endloop
endfacet
facet normal -0.15455478293210737 0.9758204948378664 -0.15455478293210795
 outer loop
  vertex -6.114718672067734e-15 -33.28697807033037 10.815594803123162
  vertex 10.286241915118271 -31.657797401561577 10.815594803123162
  vertex -6.429395695523604e-15 -35.0 2.1431318985078682e-15
 endloop
endfacet
facet normal -0.15455478293210734 0.9758204948378663 -0.15455478293210798
 outer loop
  vertex 10.286241915118271 -31.657797401561577 10.815594803123162
  vertex 10.815594803123153 -33.28697807033038 2.1431318985078682e-15
  vertex -6.429395695523604e-15 -35.0 2.1431318985078682e-15
 endloop
endfacet
facet normal -0.448535449796435 0.8803003858619618 -0.15455478293210798
 outer loop
  vertex 10.286241915118271 -31.657797401561577 10.815594803123162
  vertex 19.56559480312315 -26.929730950283467 10.815594803123162
  vertex 10.815594803123153 -33.28697807033038 2.1431318985078682e-15
 endloop
endfacet
facet normal -0.4485354497964349 0.8803003858619618 -0.15455478293210803
 outer loop
  vertex 19.56559480312315 -26.929730950283467 10.815594803123162
  vertex 20.572483830236553 -28.315594803123165 2.1431318985078682e-15
  vertex 10.815594803123153 -33.28697807033038 2.1431318985078682e-15
 endloop
endfacet
facet normal -0.6986103417044469 0.6986103417044476 -0.15455478293210803
 outer loop
  vertex 19.56559480312315 -26.929730950283467 10.815594803123162
  vertex 26.92973095028346 -19.565594803123165 10.815594803123162
  vertex 20.572483830236553 -28.315594803123165 2.1431318985078682e-15
 endloop
endfacet
facet normal -0.6986103417044469 0.6986103417044476 -0.15455478293210803
 outer loop
  vertex 26.92973095028346 -19.565594803123165 10.815594803123162
  vertex 28.315594803123158 -20.572483830236568 2.1431318985078682e-15
  vertex 20.572483830236553 -28.315594803123165 2.1431318985078682e-15
 endloop
endfacet
facet normal -0.8803003858619616 0.4485354497964353 -0.15455478293210806
 outer loop
  vertex 26.92973095028346 -19.565594803123165 10.815594803123162
  vertex 31.657797401561574 -10.286241915118287 10.815594803123162
  vertex 28.315594803123158 -20.572483830236568 2.1431318985078682e-15
 endloop
endfacet
facet normal -0.8803003858619619 0.44853544979643506 -0.15455478293210773
 outer loop
  vertex 31.657797401561574 -10.286241915118287 10.815594803123162
  vertex 33.28697807033037 -10.815594803123169 2.1431318985078682e-15
  vertex 28.315594803123158 -20.572483830236568 2.1431318985078682e-15
 endloop
endfacet
facet normal -0.9758204948378663 0.15455478293210756 -0.15455478293210767
 outer loop
  vertex 31.657797401561574 -10.286241915118287 10.815594803123162
  vertex 33.28697807033037 0.0 10.815594803123162
  vertex 33.28697807033037 -10.815594803123169 2.1431318985078682e-15
 endloop
endfacet
facet normal -0.9758204948378663 0.15455478293210778 -0.15455478293210795
 outer loop
  vertex 33.28697807033037 0.0 10.815594803123162
  vertex 35.0 0.0 2.1431318985078682e-15
  vertex 33.28697807033037 -10.815594803123169 2.1431318985078682e-15
 endloop
endfacet
facet normal -0.9758204948378663 -0.15455478293210792 0.1545547829321073
 outer loop
  vertex 35.0 0.0 2.1431318985078682e-15
  vertex 33.28697807033037 10.815594803123158 2.1431318985078682e-15
  vertex 33.28697807033038 0.0 -10.815594803123156
 endloop
endfacet
facet normal -0.9758204948378664 -0.15455478293210764 0.154554782932107
 outer loop
  vertex 33.28697807033037 10.815594803123158 2.1431318985078682e-15
  vertex 31.65779740156158 10.28624191511828 -10.815594803123156
  vertex 33.28697807033038 0.0 -10.815594803123156
 endloop
endfacet
facet normal -0.8803003858619621 -0.44853544979643467 0.15455478293210703
 outer loop
  vertex 33.28697807033037 10.815594803123158 2.1431318985078682e-15
  vertex 28.31559480312316 20.57248383023656 2.1431318985078682e-15
  vertex 31.65779740156158 10.28624191511828 -10.815594803123156
 endloop
endfacet
facet normal -0.8803003858619619 -0.44853544979643495 0.15455478293210737
 outer loop
  vertex 28.31559480312316 20.57248383023656 2.1431318985078682e-15
  vertex 26.92973095028347 19.56559480312316 -10.815594803123156
  vertex 31.65779740156158 10.28624191511828 -10.815594803123156
 endloop
endfacet
facet normal -0.6986103417044472 -0.6986103417044472 0.15455478293210737
 outer loop
  vertex 28.31559480312316 20.57248383023656 2.1431318985078682e-15
  vertex 20.57248383023656 28.31559480312316 2.1431318985078682e-15
  vertex 26.92973095028347 19.56559480312316 -10.815594803123156
 endloop
endfacet
facet normal -0.6986103417044472 -0.6986103417044474 0.15455478293210737
 outer loop
  vertex 20.57248383023656 28.31559480312316 2.1431318985078682e-15
  vertex 19.56559480312316 26.92973095028347 -10.815594803123156
  vertex 26.92973095028347 19.56559480312316 -10.815594803123156
 endloop
endfacet
facet normal -0.4485354497964348 -0.880300385861962 0.15455478293210737
 outer loop
  vertex 20.57248383023656 28.31559480312316 2.1431318985078682e-15
  vertex 10.815594803123162 33.28697807033037 2.1431318985078682e-15
  vertex 19.56559480312316 26.92973095028347 -10.815594803123156
 endloop
endfacet
facet normal -0.4485354497964351 -0.8803003858619618 0.15455478293210706
 outer loop
  vertex 10.815594803123162 33.28697807033037 2.1431318985078682e-15
  vertex 10.286241915118282 31.65779740156158 -10.815594803123156
  vertex 19.56559480312316 26.92973095028347 -10.815594803123156
 endloop
endfacet
facet normal -0.15455478293210792 -0.9758204948378663 0.15455478293210706
 outer loop
  vertex 10.815594803123162 33.28697807033037 2.1431318985078682e-15
  vertex 2.1431318985078682e-15 35.0 2.1431318985078682e-15
  vertex 10.286241915118282 31.65779740156158 -10.815594803123156
 endloop
endfacet
facet normal -0.15455478293210764 -0.9758204948378664 0.15455478293210734
 outer loop
  vertex 2.1431318985078682e-15 35.0 2.1431318985078682e-15
  vertex 2.0382395573559116e-15 33.28697807033038 -10.815594803123156
  vertex 10.286241915118282 31.65779740156158 -10.815594803123156
 endloop
endfacet
facet normal 0.15455478293210734 -0.9758204948378664 0.15455478293210734
 outer loop
  vertex 2.1431318985078682e-15 35.0 2.1431318985078682e-15
  vertex -10.815594803123156 33.28697807033038 2.1431318985078682e-15
  vertex 2.0382395573559116e-15 33.28697807033038 -10.815594803123156
 endloop
endfacet
facet normal 0.1545547829321073 -0.9758204948378664 0.1545547829321073
 outer loop
  vertex -10.815594803123156 33.28697807033038 2.1431318985078682e-15
  vertex -10.286241915118278 31.657797401561584 -10.815594803123156
  vertex 2.0382395573559116e-15 33.28697807033038 -10.815594803123156
 endloop
endfacet
facet normal 0.4485354497964352 -0.8803003858619618 0.15455478293210728
 outer loop
  vertex -10.815594803123156 33.28697807033038 2.1431318985078682e-15
  vertex -20.572483830236557 28.31559480312316 2.1431318985078682e-15
  vertex -10.286241915118278 31.657797401561584 -10.815594803123156
 endloop
endfacet
facet normal 0.4485354497964353 -0.8803003858619617 0.1545547829321074
 outer loop
  vertex -20.572483830236557 28.31559480312316 2.1431318985078682e-15
  vertex -19.565594803123158 26.92973095028347 -10.815594803123156
  vertex -10.286241915118278 31.657797401561584 -10.815594803123156
 endloop
endfacet
facet normal 0.6986103417044472 -0.6986103417044475 0.1545547829321074
 outer loop
  vertex -20.572483830236557 28.31559480312316 2.1431318985078682e-15
  vertex -28.315594803123158 20.572483830236564 2.1431318985078682e-15
  vertex -19.565594803123158 26.92973095028347 -10.815594803123156
 endloop
endfacet
facet normal 0.6986103417044472 -0.6986103417044475 0.15455478293210737
 outer loop
  vertex -28.315594803123158 20.572483830236564 2.1431318985078682e-15
  vertex -26.929730950283467 19.565594803123165 -10.815594803123156
  vertex -19.565594803123158 26.92973095028347 -10.815594803123156
 endloop
endfacet
facet normal 0.8803003858619619 -0.44853544979643495 0.15455478293210737
 outer loop
  vertex -28.315594803123158 20.572483830236564 2.1431318985078682e-15
  vertex -33.28697807033037 10.815594803123163 2.1431318985078682e-15
  vertex -26.929730950283467 19.565594803123165 -10.815594803123156
 endloop
endfacet
facet normal 0.8803003858619619 -0.4485354497964352 0.1545547829321071
 outer loop
  vertex -33.28697807033037 10.815594803123163 2.1431318985078682e-15
  vertex -31.65779740156158 10.286241915118284 -10.815594803123156
  vertex -26.929730950283467 19.565594803123165 -10.815594803123156
 endloop
endfacet
facet normal 0.9758204948378663 -0.15455478293210792 0.15455478293210706
 outer loop
  vertex -33.28697807033037 10.815594803123163 2.1431318985078682e-15
  vertex -35.0 4.2862637970157365e-15 2.1431318985078682e-15
  vertex -31.65779740156158 10.286241915118284 -10.815594803123156
 endloop
endfacet
facet normal 0.9758204948378664 -0.15455478293210764 0.15455478293210734
 outer loop
  vertex -35.0 4.2862637970157365e-15 2.1431318985078682e-15
  vertex -33.28697807033038 4.076479114711823e-15 -10.815594803123156
  vertex -31.65779740156158 10.286241915118284 -10.815594803123156
 endloop
endfacet
facet normal 0.9758204948378665 0.15455478293210687 0.15455478293210734
 outer loop
  vertex -35.0 4.2862637970157365e-15 2.1431318985078682e-15
  vertex -33.286978070330385 -10.815594803123142 2.1431318985078682e-15
  vertex -33.28697807033038 4.076479114711823e-15 -10.815594803123156
 endloop
endfacet
facet normal 0.9758204948378663 0.1545547829321072 0.15455478293210767
 outer loop
  vertex -33.286978070330385 -10.815594803123142 2.1431318985078682e-15
  vertex -31.657797401561588 -10.286241915118262 -10.815594803123156
  vertex -33.28697807033038 4.076479114711823e-15 -10.815594803123156
 endloop
endfacet
facet normal 0.8803003858619617 0.4485354497964351 0.15455478293210764
 outer loop
  vertex -33.286978070330385 -10.815594803123142 2.1431318985078682e-15
  vertex -28.31559480312316 -20.572483830236557 2.1431318985078682e-15
  vertex -31.657797401561588 -10.286241915118262 -10.815594803123156
 endloop
endfacet
facet normal 0.8803003858619619 0.44853544979643495 0.15455478293210737
 outer loop
  vertex -28.31559480312316 -20.572483830236557 2.1431318985078682e-15
  vertex -26.92973095028347 -19.565594803123158 -10.815594803123156
  vertex -31.657797401561588 -10.286241915118262 -10.815594803123156
 endloop
endfacet
facet normal 0.6986103417044475 0.6986103417044472 0.1545547829321074
 outer loop
  vertex -28.31559480312316 -20.572483830236557 2.1431318985078682e-15
  vertex -20.572483830236564 -28.315594803123158 2.1431318985078682e-15
  vertex -26.92973095028347 -19.565594803123158 -10.815594803123156
 endloop
endfacet
facet normal 0.6986103417044475 0.6986103417044472 0.15455478293210737
 outer loop
  vertex -20.572483830236564 -28.315594803123158 2.1431318985078682e-15
  vertex -19.565594803123165 -26.929730950283467 -10.815594803123156
  vertex -26.92973095028347 -19.565594803123158 -10.815594803123156
 endloop
endfacet
facet normal 0.448535449796435 0.8803003858619619 0.15455478293210737
 outer loop
  vertex -20.572483830236564 -28.315594803123158 2.1431318985078682e-15
  vertex -10.815594803123165 -33.28697807033037 2.1431318985078682e-15
  vertex -19.565594803123165 -26.929730950283467 -10.815594803123156
 endloop
endfacet
facet normal 0.4485354497964353 0.8803003858619617 0.1545547829321071
 outer loop
  vertex -10.815594803123165 -33.28697807033037 2.1431318985078682e-15
  vertex -10.286241915118286 -31.65779740156158 -10.815594803123156
  vertex -19.565594803123165 -26.929730950283467 -10.815594803123156
 endloop
endfacet
facet normal 0.15455478293210792 0.9758204948378663 0.15455478293210703
 outer loop
  vertex -10.815594803123165 -33.28697807033037 2.1431318985078682e-15
  vertex -6.429395695523604e-15 -35.0 2.1431318985078682e-15
  vertex -10.286241915118286 -31.65779740156158 -10.815594803123156
 endloop
endfacet
facet normal 0.15455478293210767 0.9758204948378664 0.1545547829321073
 outer loop
  vertex -6.429395695523604e-15 -35.0 2.1431318985078682e-15
  vertex -6.114718672067735e-15 -33.28697807033038 -10.815594803123156
  vertex -10.286241915118286 -31.65779740156158 -10.815594803123156
 endloop
endfacet
facet normal -0.1545547829321073 0.9758204948378664 0.15455478293210734
 outer loop
  vertex -6.429395695523604e-15 -35.0 2.1431318985078682e-15
  vertex 10.815594803123153 -33.28697807033038 2.1431318985078682e-15
  vertex -6.114718672067735e-15 -33.28697807033038 -10.815594803123156
 endloop
endfacet
facet normal -0.1545547829321073 0.9758204948378664 0.1545547829321073
 outer loop
  vertex 10.815594803123153 -33.28697807033038 2.1431318985078682e-15
  vertex 10.286241915118275 -31.657797401561584 -10.815594803123156
  vertex -6.114718672067735e-15 -33.28697807033038 -10.815594803123156
 endloop
endfacet
facet normal -0.44853544979643495 0.8803003858619619 0.15455478293210728
 outer loop
  vertex 10.815594803123153 -33.28697807033038 2.1431318985078682e-15
  vertex 20.572483830236553 -28.315594803123165 2.1431318985078682e-15
  vertex 10.286241915118275 -31.657797401561584 -10.815594803123156
 endloop
endfacet
facet normal -0.448535449796435 0.8803003858619618 0.15455478293210737
 outer loop
  vertex 20.572483830236553 -28.315594803123165 2.1431318985078682e-15
  vertex 19.565594803123155 -26.929730950283474 -10.815594803123156
  vertex 10.286241915118275 -31.657797401561584 -10.815594803123156
 endloop
endfacet
facet normal -0.698610341704447 0.6986103417044476 0.15455478293210742
 outer loop
  vertex 20.572483830236553 -28.315594803123165 2.1431318985078682e-15
  vertex 28.315594803123158 -20.572483830236568 2.1431318985078682e-15
  vertex 19.565594803123155 -26.929730950283474 -10.815594803123156
 endloop
endfacet
facet normal -0.698610341704447 0.6986103417044477 0.15455478293210737
 outer loop
  vertex 28.315594803123158 -20.572483830236568 2.1431318985078682e-15
  vertex 26.929730950283467 -19.56559480312317 -10.815594803123156
  vertex 19.565594803123155 -26.929730950283474 -10.815594803123156
 endloop
endfacet
facet normal -0.8803003858619619 0.448535449796435 0.15455478293210737
 outer loop
  vertex 28.315594803123158 -20.572483830236568 2.1431318985078682e-15
  vertex 33.28697807033037 -10.815594803123169 2.1431318985078682e-15
  vertex 26.929730950283467 -19.56559480312317 -10.815594803123156
 endloop
endfacet
facet normal -0.8803003858619617 0.4485354497964353 0.1545547829321071
 outer loop
  vertex 33.28697807033037 -10.815594803123169 2.1431318985078682e-15
  vertex 31.65779740156158 -10.28624191511829 -10.815594803123156
  vertex 26.929730950283467 -19.56559480312317 -10.815594803123156
 endloop
endfacet
facet normal -0.9758204948378664 0.1545547829321078 0.15455478293210706
 outer loop
  vertex 33.28697807033037 -10.815594803123169 2.1431318985078682e-15
  vertex 35.0 0.0 2.1431318985078682e-15
  vertex 31.65779740156158 -10.28624191511829 -10.815594803123156
 endloop
endfacet
facet normal -0.9758204948378664 0.1545547829321075 0.1545547829321073
 outer loop
  vertex 35.0 0.0 2.1431318985078682e-15
  vertex 33.28697807033038 0.0 -10.815594803123156
  vertex 31.65779740156158 -10.28624191511829 -10.815594803123156
 endloop
endfacet
facet normal -0.8822645538546138 -0.13973697758043985 0.4495362433757738
 outer loop
  vertex 33.28697807033038 0.0 -10.815594803123156
  vertex 31.65779740156158 10.28624191511828 -10.815594803123156
  vertex 28.31559480312316 0.0 -20.572483830236557
 endloop
endfacet
facet normal -0.8822645538546138 -0.1397369775804399 0.44953624337577386
 outer loop
  vertex 31.65779740156158 10.28624191511828 -10.815594803123156
  vertex 26.929730950283467 8.75 -20.572483830236557
  vertex 28.31559480312316 0.0 -20.572483830236557
 endloop
endfacet
facet normal -0.79590235222472 -0.4055325037709734 0.44953624337577375
 outer loop
  vertex 31.65779740156158 10.28624191511828 -10.815594803123156
  vertex 26.92973095028347 19.56559480312316 -10.815594803123156
  vertex 26.929730950283467 8.75 -20.572483830236557
 endloop
endfacet
facet normal -0.79590235222472 -0.4055325037709735 0.44953624337577397
 outer loop
  vertex 26.92973095028347 19.56559480312316 -10.815594803123156
  vertex 22.90779740156158 16.64348903516519 -20.572483830236557
  vertex 26.929730950283467 8.75 -20.572483830236557
 endloop
endfacet
facet normal -0.6316316829813071 -0.6316316829813071 0.4495362433757739
 outer loop
  vertex 26.92973095028347 19.56559480312316 -10.815594803123156
  vertex 19.56559480312316 26.92973095028347 -10.815594803123156
  vertex 22.90779740156158 16.64348903516519 -20.572483830236557
 endloop
endfacet
facet normal -0.6316316829813071 -0.6316316829813071 0.4495362433757739
 outer loop
  vertex 19.56559480312316 26.92973095028347 -10.815594803123156
  vertex 16.64348903516519 22.90779740156158 -20.572483830236557
  vertex 22.90779740156158 16.64348903516519 -20.572483830236557
 endloop
endfacet
facet normal -0.4055325037709735 -0.79590235222472 0.44953624337577397
 outer loop
  vertex 19.56559480312316 26.92973095028347 -10.815594803123156
  vertex 10.286241915118282 31.65779740156158 -10.815594803123156
  vertex 16.64348903516519 22.90779740156158 -20.572483830236557
 endloop
endfacet
facet normal -0.4055325037709736 -0.79590235222472 0.44953624337577386
 outer loop
  vertex 10.286241915118282 31.65779740156158 -10.815594803123156
  vertex 8.750000000000002 26.929730950283467 -20.572483830236557
  vertex 16.64348903516519 22.90779740156158 -20.572483830236557
 endloop
endfacet
facet normal -0.13973697758043985 -0.8822645538546138 0.4495362433757739
 outer loop
  vertex 10.286241915118282 31.65779740156158 -10.815594803123156
  vertex 2.0382395573559116e-15 33.28697807033038 -10.815594803123156
  vertex 8.750000000000002 26.929730950283467 -20.572483830236557
 endloop
endfacet
facet normal -0.1397369775804399 -0.8822645538546138 0.44953624337577375
 outer loop
  vertex 2.0382395573559116e-15 33.28697807033038 -10.815594803123156
  vertex 1.7338301270799105e-15 28.31559480312316 -20.572483830236557
  vertex 8.750000000000002 26.929730950283467 -20.572483830236557
 endloop
endfacet
facet normal 0.13973697758043954 -0.8822645538546139 0.44953624337577386
 outer loop
  vertex 2.0382395573559116e-15 33.28697807033038 -10.815594803123156
  vertex -10.286241915118278 31.657797401561584 -10.815594803123156
  vertex 1.7338301270799105e-15 28.31559480312316 -20.572483830236557
 endloop
endfacet
facet normal 0.13973697758043954 -0.8822645538546138 0.44953624337577375
 outer loop
  vertex -10.286241915118278 31.657797401561584 -10.815594803123156
  vertex -8.749999999999998 26.92973095028347 -20.572483830236557
  vertex 1.7338301270799105e-15 28.31559480312316 -20.572483830236557
 endloop
endfacet
facet normal 0.4055325037709738 -0.79590235222472 0.4495362433757738
 outer loop
  vertex -10.286241915118278 31.657797401561584 -10.815594803123156
  vertex -19.565594803123158 26.92973095028347 -10.815594803123156
  vertex -8.749999999999998 26.92973095028347 -20.572483830236557
 endloop
endfacet
facet normal 0.40553250377097383 -0.7959023522247198 0.4495362433757739
 outer loop
  vertex -19.565594803123158 26.92973095028347 -10.815594803123156
  vertex -16.643489035165185 22.90779740156158 -20.572483830236557
  vertex -8.749999999999998 26.92973095028347 -20.572483830236557
 endloop
endfacet
facet normal 0.631631682981307 -0.6316316829813072 0.44953624337577397
 outer loop
  vertex -19.565594803123158 26.92973095028347 -10.815594803123156
  vertex -26.929730950283467 19.565594803123165 -10.815594803123156
  vertex -16.643489035165185 22.90779740156158 -20.572483830236557
 endloop
endfacet
facet normal 0.6316316829813069 -0.6316316829813073 0.4495362433757739
 outer loop
  vertex -26.929730950283467 19.565594803123165 -10.815594803123156
  vertex -22.907797401561577 16.643489035165192 -20.572483830236557
  vertex -16.643489035165185 22.90779740156158 -20.572483830236557
 endloop
endfacet
facet normal 0.7959023522247199 -0.40553250377097366 0.4495362433757739
 outer loop
  vertex -26.929730950283467 19.565594803123165 -10.815594803123156
  vertex -31.65779740156158 10.286241915118284 -10.815594803123156
  vertex -22.907797401561577 16.643489035165192 -20.572483830236557
 endloop
endfacet
facet normal 0.7959023522247199 -0.4055325037709738 0.44953624337577386
 outer loop
  vertex -31.65779740156158 10.286241915118284 -10.815594803123156
  vertex -26.929730950283467 8.750000000000004 -20.572483830236557
  vertex -22.907797401561577 16.643489035165192 -20.572483830236557
 endloop
endfacet
facet normal 0.8822645538546138 -0.13973697758043985 0.4495362433757739
 outer loop
  vertex -31.65779740156158 10.286241915118284 -10.815594803123156
  vertex -33.28697807033038 4.076479114711823e-15 -10.815594803123156
  vertex -26.929730950283467 8.750000000000004 -20.572483830236557
 endloop
endfacet
facet normal 0.8822645538546138 -0.1397369775804399 0.44953624337577386
 outer loop
  vertex -33.28697807033038 4.076479114711823e-15 -10.815594803123156
  vertex -28.31559480312316 3.467660254159821e-15 -20.572483830236557
  vertex -26.929730950283467 8.750000000000004 -20.572483830236557
 endloop
endfacet
facet normal 0.8822645538546139 0.13973697758043943 0.4495362433757738
 outer loop
  vertex -33.28697807033038 4.076479114711823e-15 -10.815594803123156
  vertex -31.657797401561588 -10.286241915118262 -10.815594803123156
  vertex -28.31559480312316 3.467660254159821e-15 -20.572483830236557
 endloop
endfacet
facet normal 0.8822645538546139 0.13973697758043943 0.4495362433757737
 outer loop
  vertex -31.657797401561588 -10.286241915118262 -10.815594803123156
  vertex -26.929730950283474 -8.749999999999986 -20.572483830236557
  vertex -28.31559480312316 3.467660254159821e-15 -20.572483830236557
 endloop
endfacet
facet normal 0.7959023522247202 0.40553250377097344 0.4495362433757737
 outer loop
  vertex -31.657797401561588 -10.286241915118262 -10.815594803123156
  vertex -26.92973095028347 -19.565594803123158 -10.815594803123156
  vertex -26.929730950283474 -8.749999999999986 -20.572483830236557
 endloop
endfacet
facet normal 0.79590235222472 0.40553250377097366 0.4495362433757739
 outer loop
  vertex -26.92973095028347 -19.565594803123158 -10.815594803123156
  vertex -22.90779740156158 -16.643489035165185 -20.572483830236557
  vertex -26.929730950283474 -8.749999999999986 -20.572483830236557
 endloop
endfacet
facet normal 0.6316316829813073 0.6316316829813071 0.449536243375774
 outer loop
  vertex -26.92973095028347 -19.565594803123158 -10.815594803123156
  vertex -19.565594803123165 -26.929730950283467 -10.815594803123156
  vertex -22.90779740156158 -16.643489035165185 -20.572483830236557
 endloop
endfacet
facet normal 0.6316316829813073 0.6316316829813069 0.4495362433757739
 outer loop
  vertex -19.565594803123165 -26.929730950283467 -10.815594803123156
  vertex -16.643489035165192 -22.907797401561577 -20.572483830236557
  vertex -22.90779740156158 -16.643489035165185 -20.572483830236557
 endloop
endfacet
facet normal 0.4055325037709737 0.7959023522247199 0.4495362433757739
 outer loop
  vertex -19.565594803123165 -26.929730950283467 -10.815594803123156
  vertex -10.286241915118286 -31.65779740156158 -10.815594803123156
  vertex -16.643489035165192 -22.907797401561577 -20.572483830236557
 endloop
endfacet
facet normal 0.40553250377097383 0.7959023522247199 0.44953624337577375
 outer loop
  vertex -10.286241915118286 -31.65779740156158 -10.815594803123156
  vertex -8.750000000000005 -26.929730950283467 -20.572483830236557
  vertex -16.643489035165192 -22.907797401561577 -20.572483830236557
 endloop
endfacet
facet normal 0.13973697758043985 0.8822645538546138 0.4495362433757739
 outer loop
  vertex -10.286241915118286 -31.65779740156158 -10.815594803123156
  vertex -6.114718672067735e-15 -33.28697807033038 -10.815594803123156
  vertex -8.750000000000005 -26.929730950283467 -20.572483830236557
 endloop
endfacet
facet normal 0.1397369775804399 0.8822645538546139 0.44953624337577386
 outer loop
  vertex -6.114718672067735e-15 -33.28697807033038 -10.815594803123156
  vertex -5.201490381239731e-15 -28.31559480312316 -20.572483830236557
  vertex -8.750000000000005 -26.929730950283467 -20.572483830236557
 endloop
endfacet
facet normal -0.13973697758043954 0.8822645538546139 0.44953624337577386
 outer loop
  vertex -6.114718672067735e-15 -33.28697807033038 -10.815594803123156
  vertex 10.286241915118275 -31.657797401561584 -10.815594803123156
  vertex -5.201490381239731e-15 -28.31559480312316 -20.572483830236557
 endloop
endfacet
facet normal -0.13973697758043954 0.8822645538546138 0.44953624337577375
 outer loop
  vertex 10.286241915118275 -31.657797401561584 -10.815594803123156
  vertex 8.749999999999995 -26.92973095028347 -20.572483830236557
  vertex -5.201490381239731e-15 -28.31559480312316 -20.572483830236557
 endloop
endfacet
facet normal -0.4055325037709735 0.79590235222472 0.4495362433757738
 outer loop
  vertex 10.286241915118275 -31.657797401561584 -10.815594803123156
  vertex 19.565594803123155 -26.929730950283474 -10.815594803123156
  vertex 8.749999999999995 -26.92973095028347 -20.572483830236557
 endloop
endfacet
facet normal -0.4055325037709735 0.7959023522247199 0.4495362433757739
 outer loop
  vertex 19.565594803123155 -26.929730950283474 -10.815594803123156
  vertex 16.64348903516518 -22.907797401561584 -20.572483830236557
  vertex 8.749999999999995 -26.92973095028347 -20.572483830236557
 endloop
endfacet
facet normal -0.6316316829813068 0.6316316829813075 0.44953624337577397
 outer loop
  vertex 19.565594803123155 -26.929730950283474 -10.815594803123156
  vertex 26.929730950283467 -19.56559480312317 -10.815594803123156
  vertex 16.64348903516518 -22.907797401561584 -20.572483830236557
 endloop
endfacet
facet normal -0.6316316829813067 0.6316316829813075 0.4495362433757739
 outer loop
  vertex 26.929730950283467 -19.56559480312317 -10.815594803123156
  vertex 22.907797401561577 -16.643489035165196 -20.572483830236557
  vertex 16.64348903516518 -22.907797401561584 -20.572483830236557
 endloop
endfacet
facet normal -0.7959023522247199 0.4055325037709737 0.4495362433757739
 outer loop
  vertex 26.929730950283467 -19.56559480312317 -10.815594803123156
  vertex 31.65779740156158 -10.28624191511829 -10.815594803123156
  vertex 22.907797401561577 -16.643489035165196 -20.572483830236557
 endloop
endfacet
facet normal -0.7959023522247198 0.4055325037709737 0.44953624337577386
 outer loop
  vertex 31.65779740156158 -10.28624191511829 -10.815594803123156
  vertex 26.929730950283467 -8.750000000000007 -20.572483830236557
  vertex 22.907797401561577 -16.643489035165196 -20.572483830236557
 endloop
endfacet
facet normal -0.8822645538546138 0.13973697758043974 0.44953624337577386
 outer loop
  vertex 31.65779740156158 -10.28624191511829 -10.815594803123156
  vertex 33.28697807033038 0.0 -10.815594803123156
  vertex 26.929730950283467 -8.750000000000007 -20.572483830236557
 endloop
endfacet
facet normal -0.8822645538546137 0.13973697758043976 0.44953624337577375
 outer loop
  vertex 33.28697807033038 0.0 -10.815594803123156
  vertex 28.31559480312316 0.0 -20.572483830236557
  vertex 26.929730950283467 -8.750000000000007 -20.572483830236557
 endloop
endfacet
facet normal -0.7027135113015592 -0.11129888619598732 0.7027135113015589
 outer loop
  vertex 28.31559480312316 0.0 -20.572483830236557
  vertex 26.929730950283467 8.75 -20.572483830236557
  vertex 20.572483830236564 0.0 -28.315594803123158
 endloop
endfacet
facet normal -0.702713511301559 -0.1112988861959874 0.702713511301559
 outer loop
  vertex 26.929730950283467 8.75 -20.572483830236557
  vertex 19.56559480312316 6.3572471200469085 -28.315594803123158
  vertex 20.572483830236564 0.0 -28.315594803123158
 endloop
endfacet
facet normal -0.6339270167224327 -0.32300194814215966 0.7027135113015589
 outer loop
  vertex 26.929730950283467 8.75 -20.572483830236557
  vertex 22.90779740156158 16.64348903516519 -20.572483830236557
  vertex 19.56559480312316 6.3572471200469085 -28.315594803123158
 endloop
endfacet
facet normal -0.6339270167224329 -0.32300194814215955 0.7027135113015587
 outer loop
  vertex 22.90779740156158 16.64348903516519 -20.572483830236557
  vertex 16.643489035165192 12.092202598438423 -28.315594803123158
  vertex 19.56559480312316 6.3572471200469085 -28.315594803123158
 endloop
endfacet
facet normal -0.5030873289172736 -0.5030873289172736 0.7027135113015588
 outer loop
  vertex 22.90779740156158 16.64348903516519 -20.572483830236557
  vertex 16.64348903516519 22.90779740156158 -20.572483830236557
  vertex 16.643489035165192 12.092202598438423 -28.315594803123158
 endloop
endfacet
facet normal -0.5030873289172735 -0.5030873289172736 0.7027135113015589
 outer loop
  vertex 16.64348903516519 22.90779740156158 -20.572483830236557
  vertex 12.092202598438423 16.643489035165192 -28.315594803123158
  vertex 16.643489035165192 12.092202598438423 -28.315594803123158
 endloop
endfacet
facet normal -0.3230019481421598 -0.6339270167224328 0.7027135113015588
 outer loop
  vertex 16.64348903516519 22.90779740156158 -20.572483830236557
  vertex 8.750000000000002 26.929730950283467 -20.572483830236557
  vertex 12.092202598438423 16.643489035165192 -28.315594803123158
 endloop
endfacet
facet normal -0.3230019481421594 -0.6339270167224328 0.7027135113015589
 outer loop
  vertex 8.750000000000002 26.929730950283467 -20.572483830236557
  vertex 6.357247120046909 19.56559480312316 -28.315594803123158
  vertex 12.092202598438423 16.643489035165192 -28.315594803123158
 endloop
endfacet
facet normal -0.1112988861959873 -0.7027135113015591 0.7027135113015589
 outer loop
  vertex 8.750000000000002 26.929730950283467 -20.572483830236557
  vertex 1.7338301270799105e-15 28.31559480312316 -20.572483830236557
  vertex 6.357247120046909 19.56559480312316 -28.315594803123158
 endloop
endfacet
facet normal -0.1112988861959874 -0.7027135113015591 0.7027135113015588
 outer loop
  vertex 1.7338301270799105e-15 28.31559480312316 -20.572483830236557
  vertex 1.2597013236604944e-15 20.572483830236564 -28.315594803123158
  vertex 6.357247120046909 19.56559480312316 -28.315594803123158
 endloop
endfacet
facet normal 0.11129888619598705 -0.7027135113015592 0.7027135113015589
 outer loop
  vertex 1.7338301270799105e-15 28.31559480312316 -20.572483830236557
  vertex -8.749999999999998 26.92973095028347 -20.572483830236557
  vertex 1.2597013236604944e-15 20.572483830236564 -28.315594803123158
 endloop
endfacet
facet normal 0.111298886195987 -0.7027135113015592 0.7027135113015589
 outer loop
  vertex -8.749999999999998 26.92973095028347 -20.572483830236557
  vertex -6.357247120046908 19.565594803123165 -28.315594803123158
  vertex 1.2597013236604944e-15 20.572483830236564 -28.315594803123158
 endloop
endfacet
facet normal 0.32300194814215993 -0.6339270167224326 0.7027135113015588
 outer loop
  vertex -8.749999999999998 26.92973095028347 -20.572483830236557
  vertex -16.643489035165185 22.90779740156158 -20.572483830236557
  vertex -6.357247120046908 19.565594803123165 -28.315594803123158
 endloop
endfacet
facet normal 0.32300194814215977 -0.6339270167224327 0.7027135113015588
 outer loop
  vertex -16.643489035165185 22.90779740156158 -20.572483830236557
  vertex -12.092202598438421 16.643489035165192 -28.315594803123158
  vertex -6.357247120046908 19.565594803123165 -28.315594803123158
 endloop
endfacet
facet normal 0.5030873289172735 -0.5030873289172738 0.7027135113015588
 outer loop
  vertex -16.643489035165185 22.90779740156158 -20.572483830236557
  vertex -22.907797401561577 16.643489035165192 -20.572483830236557
  vertex -12.092202598438421 16.643489035165192 -28.315594803123158
 endloop
endfacet
facet normal 0.5030873289172735 -0.5030873289172735 0.7027135113015589
 outer loop
  vertex -22.907797401561577 16.643489035165192 -20.572483830236557
  vertex -16.64348903516519 12.092202598438424 -28.315594803123158
  vertex -12.092202598438421 16.643489035165192 -28.315594803123158
 endloop
endfacet
facet normal 0.6339270167224326 -0.32300194814215993 0.7027135113015589
 outer loop
  vertex -22.907797401561577 16.643489035165192 -20.572483830236557
  vertex -26.929730950283467 8.750000000000004 -20.572483830236557
  vertex -16.64348903516519 12.092202598438424 -28.315594803123158
 endloop
endfacet
facet normal 0.6339270167224327 -0.3230019481421597 0.7027135113015589
 outer loop
  vertex -26.929730950283467 8.750000000000004 -20.572483830236557
  vertex -19.56559480312316 6.357247120046911 -28.315594803123158
  vertex -16.64348903516519 12.092202598438424 -28.315594803123158
 endloop
endfacet
facet normal 0.7027135113015591 -0.1112988861959873 0.7027135113015589
 outer loop
  vertex -26.929730950283467 8.750000000000004 -20.572483830236557
  vertex -28.31559480312316 3.467660254159821e-15 -20.572483830236557
  vertex -19.56559480312316 6.357247120046911 -28.315594803123158
 endloop
endfacet
facet normal 0.7027135113015591 -0.1112988861959874 0.7027135113015588
 outer loop
  vertex -28.31559480312316 3.467660254159821e-15 -20.572483830236557
  vertex -20.572483830236564 2.5194026473209887e-15 -28.315594803123158
  vertex -19.56559480312316 6.357247120046911 -28.315594803123158
 endloop
endfacet
facet normal 0.7027135113015592 0.11129888619598689 0.702713511301559
 outer loop
  vertex -28.31559480312316 3.467660254159821e-15 -20.572483830236557
  vertex -26.929730950283474 -8.749999999999986 -20.572483830236557
  vertex -20.572483830236564 2.5194026473209887e-15 -28.315594803123158
 endloop
endfacet
facet normal 0.7027135113015592 0.1112988861959868 0.7027135113015589
 outer loop
  vertex -26.929730950283474 -8.749999999999986 -20.572483830236557
  vertex -19.56559480312317 -6.357247120046898 -28.315594803123158
  vertex -20.572483830236564 2.5194026473209887e-15 -28.315594803123158
 endloop
endfacet
facet normal 0.6339270167224327 0.3230019481421598 0.7027135113015589
 outer loop
  vertex -26.929730950283474 -8.749999999999986 -20.572483830236557
  vertex -22.90779740156158 -16.643489035165185 -20.572483830236557
  vertex -19.56559480312317 -6.357247120046898 -28.315594803123158
 endloop
endfacet
facet normal 0.6339270167224328 0.3230019481421597 0.7027135113015588
 outer loop
  vertex -22.90779740156158 -16.643489035165185 -20.572483830236557
  vertex -16.643489035165192 -12.092202598438421 -28.315594803123158
  vertex -19.56559480312317 -6.357247120046898 -28.315594803123158
 endloop
endfacet
facet normal 0.5030873289172738 0.5030873289172735 0.7027135113015588
 outer loop
  vertex -22.90779740156158 -16.643489035165185 -20.572483830236557
  vertex -16.643489035165192 -22.907797401561577 -20.572483830236557
  vertex -16.643489035165192 -12.092202598438421 -28.315594803123158
 endloop
endfacet
facet normal 0.5030873289172735 0.5030873289172735 0.7027135113015589
 outer loop
  vertex -16.643489035165192 -22.907797401561577 -20.572483830236557
  vertex -12.092202598438424 -16.64348903516519 -28.315594803123158
  vertex -16.643489035165192 -12.092202598438421 -28.315594803123158
 endloop
endfacet
facet normal 0.32300194814215993 0.6339270167224326 0.7027135113015588
 outer loop
  vertex -16.643489035165192 -22.907797401561577 -20.572483830236557
  vertex -8.750000000000005 -26.929730950283467 -20.572483830236557
  vertex -12.092202598438424 -16.64348903516519 -28.315594803123158
 endloop
endfacet
facet normal 0.3230019481421598 0.6339270167224326 0.7027135113015589
 outer loop
  vertex -8.750000000000005 -26.929730950283467 -20.572483830236557
  vertex -6.357247120046912 -19.56559480312316 -28.315594803123158
  vertex -12.092202598438424 -16.64348903516519 -28.315594803123158
 endloop
endfacet
facet normal 0.1112988861959873 0.7027135113015591 0.7027135113015589
 outer loop
  vertex -8.750000000000005 -26.929730950283467 -20.572483830236557
  vertex -5.201490381239731e-15 -28.31559480312316 -20.572483830236557
  vertex -6.357247120046912 -19.56559480312316 -28.315594803123158
 endloop
endfacet
facet normal 0.1112988861959874 0.7027135113015591 0.7027135113015588
 outer loop
  vertex -5.201490381239731e-15 -28.31559480312316 -20.572483830236557
  vertex -3.779103970981483e-15 -20.572483830236564 -28.315594803123158
  vertex -6.357247120046912 -19.56559480312316 -28.315594803123158
 endloop
endfacet
facet normal -0.11129888619598705 0.7027135113015592 0.7027135113015589
 outer loop
  vertex -5.201490381239731e-15 -28.31559480312316 -20.572483830236557
  vertex 8.749999999999995 -26.92973095028347 -20.572483830236557
  vertex -3.779103970981483e-15 -20.572483830236564 -28.315594803123158
 endloop
endfacet
facet normal -0.11129888619598702 0.7027135113015591 0.7027135113015589
 outer loop
  vertex 8.749999999999995 -26.92973095028347 -20.572483830236557
  vertex 6.357247120046905 -19.565594803123165 -28.315594803123158
  vertex -3.779103970981483e-15 -20.572483830236564 -28.315594803123158
 endloop
endfacet
facet normal -0.32300194814215977 0.6339270167224327 0.7027135113015589
 outer loop
  vertex 8.749999999999995 -26.92973095028347 -20.572483830236557
  vertex 16.64348903516518 -22.907797401561584 -20.572483830236557
  vertex 6.357247120046905 -19.565594803123165 -28.315594803123158
 endloop
endfacet
facet normal -0.3230019481421598 0.6339270167224327 0.7027135113015588
 outer loop
  vertex 16.64348903516518 -22.907797401561584 -20.572483830236557
  vertex 12.09220259843842 -16.643489035165192 -28.315594803123158
  vertex 6.357247120046905 -19.565594803123165 -28.315594803123158
 endloop
endfacet
facet normal -0.5030873289172733 0.5030873289172738 0.7027135113015589
 outer loop
  vertex 16.64348903516518 -22.907797401561584 -20.572483830236557
  vertex 22.907797401561577 -16.643489035165196 -20.572483830236557
  vertex 12.09220259843842 -16.643489035165192 -28.315594803123158
 endloop
endfacet
facet normal -0.5030873289172733 0.5030873289172737 0.7027135113015589
 outer loop
  vertex 22.907797401561577 -16.643489035165196 -20.572483830236557
  vertex 16.64348903516519 -12.092202598438428 -28.315594803123158
  vertex 12.09220259843842 -16.643489035165192 -28.315594803123158
 endloop
endfacet
facet normal -0.6339270167224326 0.32300194814215993 0.7027135113015589
 outer loop
  vertex 22.907797401561577 -16.643489035165196 -20.572483830236557
  vertex 26.929730950283467 -8.750000000000007 -20.572483830236557
  vertex 16.64348903516519 -12.092202598438428 -28.315594803123158
 endloop
endfacet
facet normal -0.6339270167224327 0.3230019481421597 0.702713511301559
 outer loop
  vertex 26.929730950283467 -8.750000000000007 -20.572483830236557
  vertex 19.56559480312316 -6.357247120046914 -28.315594803123158
  vertex 16.64348903516519 -12.092202598438428 -28.315594803123158
 endloop
endfacet
facet normal -0.7027135113015591 0.11129888619598721 0.7027135113015589
 outer loop
  vertex 26.929730950283467 -8.750000000000007 -20.572483830236557
  vertex 28.31559480312316 0.0 -20.572483830236557
  vertex 19.56559480312316 -6.357247120046914 -28.315594803123158
 endloop
endfacet
facet normal -0.7027135113015591 0.11129888619598732 0.7027135113015589
 outer loop
  vertex 28.31559480312316 0.0 -20.572483830236557
  vertex 20.572483830236564 0.0 -28.315594803123158
  vertex 19.56559480312316 -6.357247120046914 -28.315594803123158
 endloop
endfacet
facet normal -0.4528213901582104 -0.07171986244718681 0.8887120174419508
 outer loop
  vertex 20.572483830236564 0.0 -28.315594803123158
  vertex 19.56559480312316 6.3572471200469085 -28.315594803123158
  vertex 10.815594803123163 0.0 -33.28697807033037
 endloop
endfacet
facet normal -0.4528213901582103 -0.07171986244718696 0.888712017441951
 outer loop
  vertex 19.56559480312316 6.3572471200469085 -28.315594803123158
  vertex 10.286241915118282 3.342202598438421 -33.28697807033037
  vertex 10.815594803123163 0.0 -33.28697807033037
 endloop
endfacet
facet normal -0.408496077497382 -0.2081391475035643 0.8887120174419509
 outer loop
  vertex 19.56559480312316 6.3572471200469085 -28.315594803123158
  vertex 16.643489035165192 12.092202598438423 -28.315594803123158
  vertex 10.286241915118282 3.342202598438421 -33.28697807033037
 endloop
endfacet
facet normal -0.40849607749738204 -0.20813914750356435 0.8887120174419508
 outer loop
  vertex 16.643489035165192 12.092202598438423 -28.315594803123158
  vertex 8.750000000000004 6.35724712004691 -33.28697807033037
  vertex 10.286241915118282 3.342202598438421 -33.28697807033037
 endloop
endfacet
facet normal -0.3241843226115797 -0.3241843226115797 0.8887120174419508
 outer loop
  vertex 16.643489035165192 12.092202598438423 -28.315594803123158
  vertex 12.092202598438423 16.643489035165192 -28.315594803123158
  vertex 8.750000000000004 6.35724712004691 -33.28697807033037
 endloop
endfacet
facet normal -0.3241843226115797 -0.3241843226115797 0.888712017441951
 outer loop
  vertex 12.092202598438423 16.643489035165192 -28.315594803123158
  vertex 6.35724712004691 8.750000000000004 -33.28697807033037
  vertex 8.750000000000004 6.35724712004691 -33.28697807033037
 endloop
endfacet
facet normal -0.20813914750356433 -0.408496077497382 0.8887120174419509
 outer loop
  vertex 12.092202598438423 16.643489035165192 -28.315594803123158
  vertex 6.357247120046909 19.56559480312316 -28.315594803123158
  vertex 6.35724712004691 8.750000000000004 -33.28697807033037
 endloop
endfacet
facet normal -0.20813914750356421 -0.408496077497382 0.8887120174419509
 outer loop
  vertex 6.357247120046909 19.56559480312316 -28.315594803123158
  vertex 3.3422025984384214 10.286241915118282 -33.28697807033037
  vertex 6.35724712004691 8.750000000000004 -33.28697807033037
 endloop
endfacet
facet normal -0.07171986244718681 -0.4528213901582104 0.8887120174419508
 outer loop
  vertex 6.357247120046909 19.56559480312316 -28.315594803123158
  vertex 1.2597013236604944e-15 20.572483830236564 -28.315594803123158
  vertex 3.3422025984384214 10.286241915118282 -33.28697807033037
 endloop
endfacet
facet normal -0.07171986244718677 -0.4528213901582103 0.8887120174419508
 outer loop
  vertex 1.2597013236604944e-15 20.572483830236564 -28.315594803123158
  vertex 6.622641778259765e-16 10.815594803123163 -33.28697807033037
  vertex 3.3422025984384214 10.286241915118282 -33.28697807033037
 endloop
endfacet
facet normal 0.07171986244718656 -0.4528213901582104 0.8887120174419508
 outer loop
  vertex 1.2597013236604944e-15 20.572483830236564 -28.315594803123158
  vertex -6.357247120046908 19.565594803123165 -28.315594803123158
  vertex 6.622641778259765e-16 10.815594803123163 -33.28697807033037
 endloop
endfacet
facet normal 0.07171986244718657 -0.4528213901582103 0.888712017441951
 outer loop
  vertex -6.357247120046908 19.565594803123165 -28.315594803123158
  vertex -3.3422025984384205 10.286241915118284 -33.28697807033037
  vertex 6.622641778259765e-16 10.815594803123163 -33.28697807033037
 endloop
endfacet
facet normal 0.20813914750356452 -0.4084960774973818 0.8887120174419509
 outer loop
  vertex -6.357247120046908 19.565594803123165 -28.315594803123158
  vertex -12.092202598438421 16.643489035165192 -28.315594803123158
  vertex -3.3422025984384205 10.286241915118284 -33.28697807033037
 endloop
endfacet
facet normal 0.20813914750356466 -0.4084960774973818 0.8887120174419508
 outer loop
  vertex -12.092202598438421 16.643489035165192 -28.315594803123158
  vertex -6.3572471200469085 8.750000000000004 -33.28697807033037
  vertex -3.3422025984384205 10.286241915118284 -33.28697807033037
 endloop
endfacet
facet normal 0.32418432261157965 -0.32418432261157965 0.8887120174419508
 outer loop
  vertex -12.092202598438421 16.643489035165192 -28.315594803123158
  vertex -16.64348903516519 12.092202598438424 -28.315594803123158
  vertex -6.3572471200469085 8.750000000000004 -33.28697807033037
 endloop
endfacet
facet normal 0.32418432261157965 -0.3241843226115799 0.8887120174419508
 outer loop
  vertex -16.64348903516519 12.092202598438424 -28.315594803123158
  vertex -8.750000000000002 6.357247120046911 -33.28697807033037
  vertex -6.3572471200469085 8.750000000000004 -33.28697807033037
 endloop
endfacet
facet normal 0.4084960774973818 -0.20813914750356452 0.8887120174419508
 outer loop
  vertex -16.64348903516519 12.092202598438424 -28.315594803123158
  vertex -19.56559480312316 6.357247120046911 -28.315594803123158
  vertex -8.750000000000002 6.357247120046911 -33.28697807033037
 endloop
endfacet
facet normal 0.408496077497382 -0.20813914750356435 0.8887120174419509
 outer loop
  vertex -19.56559480312316 6.357247120046911 -28.315594803123158
  vertex -10.286241915118282 3.3422025984384223 -33.28697807033037
  vertex -8.750000000000002 6.357247120046911 -33.28697807033037
 endloop
endfacet
facet normal 0.4528213901582104 -0.07171986244718681 0.8887120174419508
 outer loop
  vertex -19.56559480312316 6.357247120046911 -28.315594803123158
  vertex -20.572483830236564 2.5194026473209887e-15 -28.315594803123158
  vertex -10.286241915118282 3.3422025984384223 -33.28697807033037
 endloop
endfacet
facet normal 0.4528213901582103 -0.07171986244718677 0.8887120174419508
 outer loop
  vertex -20.572483830236564 2.5194026473209887e-15 -28.315594803123158
  vertex -10.815594803123163 1.324528355651953e-15 -33.28697807033037
  vertex -10.286241915118282 3.3422025984384223 -33.28697807033037
 endloop
endfacet
facet normal 0.45282139015821044 0.07171986244718641 0.888712017441951
 outer loop
  vertex -20.572483830236564 2.5194026473209887e-15 -28.315594803123158
  vertex -19.56559480312317 -6.357247120046898 -28.315594803123158
  vertex -10.815594803123163 1.324528355651953e-15 -33.28697807033037
 endloop
endfacet
facet normal 0.4528213901582104 0.07171986244718648 0.8887120174419508
 outer loop
  vertex -19.56559480312317 -6.357247120046898 -28.315594803123158
  vertex -10.286241915118286 -3.3422025984384156 -33.28697807033037
  vertex -10.815594803123163 1.324528355651953e-15 -33.28697807033037
 endloop
endfacet
facet normal 0.40849607749738187 0.2081391475035644 0.8887120174419508
 outer loop
  vertex -19.56559480312317 -6.357247120046898 -28.315594803123158
  vertex -16.643489035165192 -12.092202598438421 -28.315594803123158
  vertex -10.286241915118286 -3.3422025984384156 -33.28697807033037
 endloop
endfacet
facet normal 0.40849607749738187 0.20813914750356455 0.8887120174419509
 outer loop
  vertex -16.643489035165192 -12.092202598438421 -28.315594803123158
  vertex -8.750000000000004 -6.3572471200469085 -33.28697807033037
  vertex -10.286241915118286 -3.3422025984384156 -33.28697807033037
 endloop
endfacet
facet normal 0.32418432261157965 0.32418432261157965 0.8887120174419508
 outer loop
  vertex -16.643489035165192 -12.092202598438421 -28.315594803123158
  vertex -12.092202598438424 -16.64348903516519 -28.315594803123158
  vertex -8.750000000000004 -6.3572471200469085 -33.28697807033037
 endloop
endfacet
facet normal 0.3241843226115799 0.32418432261157965 0.8887120174419508
 outer loop
  vertex -12.092202598438424 -16.64348903516519 -28.315594803123158
  vertex -6.357247120046911 -8.750000000000002 -33.28697807033037
  vertex -8.750000000000004 -6.3572471200469085 -33.28697807033037
 endloop
endfacet
facet normal 0.20813914750356455 0.40849607749738187 0.8887120174419509
 outer loop
  vertex -12.092202598438424 -16.64348903516519 -28.315594803123158
  vertex -6.357247120046912 -19.56559480312316 -28.315594803123158
  vertex -6.357247120046911 -8.750000000000002 -33.28697807033037
 endloop
endfacet
facet normal 0.20813914750356435 0.4084960774973819 0.8887120174419509
 outer loop
  vertex -6.357247120046912 -19.56559480312316 -28.315594803123158
  vertex -3.3422025984384227 -10.286241915118282 -33.28697807033037
  vertex -6.357247120046911 -8.750000000000002 -33.28697807033037
 endloop
endfacet
facet normal 0.07171986244718681 0.4528213901582104 0.8887120174419509
 outer loop
  vertex -6.357247120046912 -19.56559480312316 -28.315594803123158
  vertex -3.779103970981483e-15 -20.572483830236564 -28.315594803123158
  vertex -3.3422025984384227 -10.286241915118282 -33.28697807033037
 endloop
endfacet
facet normal 0.07171986244718677 0.4528213901582103 0.8887120174419508
 outer loop
  vertex -3.779103970981483e-15 -20.572483830236564 -28.315594803123158
  vertex -1.986792533477929e-15 -10.815594803123163 -33.28697807033037
  vertex -3.3422025984384227 -10.286241915118282 -33.28697807033037
 endloop
endfacet
facet normal -0.07171986244718656 0.4528213901582104 0.8887120174419508
 outer loop
  vertex -3.779103970981483e-15 -20.572483830236564 -28.315594803123158
  vertex 6.357247120046905 -19.565594803123165 -28.315594803123158
  vertex -1.986792533477929e-15 -10.815594803123163 -33.28697807033037
 endloop
endfacet
facet normal -0.07171986244718659 0.45282139015821044 0.8887120174419509
 outer loop
  vertex 6.357247120046905 -19.565594803123165 -28.315594803123158
  vertex 3.342202598438419 -10.286241915118284 -33.28697807033037
  vertex -1.986792533477929e-15 -10.815594803123163 -33.28697807033037
 endloop
endfacet
facet normal -0.20813914750356446 0.4084960774973818 0.8887120174419508
 outer loop
  vertex 6.357247120046905 -19.565594803123165 -28.315594803123158
  vertex 12.09220259843842 -16.643489035165192 -28.315594803123158
  vertex 3.342202598438419 -10.286241915118284 -33.28697807033037
 endloop
endfacet
facet normal -0.2081391475035646 0.4084960774973818 0.8887120174419508
 outer loop
  vertex 12.09220259843842 -16.643489035165192 -28.315594803123158
  vertex 6.357247120046908 -8.750000000000004 -33.28697807033037
  vertex 3.342202598438419 -10.286241915118284 -33.28697807033037
 endloop
endfacet
facet normal -0.3241843226115795 0.32418432261157987 0.8887120174419509
 outer loop
  vertex 12.09220259843842 -16.643489035165192 -28.315594803123158
  vertex 16.64348903516519 -12.092202598438428 -28.315594803123158
  vertex 6.357247120046908 -8.750000000000004 -33.28697807033037
 endloop
endfacet
facet normal -0.3241843226115794 0.32418432261158003 0.8887120174419508
 outer loop
  vertex 16.64348903516519 -12.092202598438428 -28.315594803123158
  vertex 8.750000000000002 -6.357247120046912 -33.28697807033037
  vertex 6.357247120046908 -8.750000000000004 -33.28697807033037
 endloop
endfacet
facet normal -0.4084960774973818 0.20813914750356446 0.8887120174419509
 outer loop
  vertex 16.64348903516519 -12.092202598438428 -28.315594803123158
  vertex 19.56559480312316 -6.357247120046914 -28.315594803123158
  vertex 8.750000000000002 -6.357247120046912 -33.28697807033037
 endloop
endfacet
facet normal -0.4084960774973818 0.20813914750356435 0.8887120174419509
 outer loop
  vertex 19.56559480312316 -6.357247120046914 -28.315594803123158
  vertex 10.286241915118282 -3.342202598438424 -33.28697807033037
  vertex 8.750000000000002 -6.357247120046912 -33.28697807033037
 endloop
endfacet
facet normal -0.4528213901582104 0.07171986244718676 0.8887120174419509
 outer loop
  vertex 19.56559480312316 -6.357247120046914 -28.315594803123158
  vertex 20.572483830236564 0.0 -28.315594803123158
  vertex 10.286241915118282 -3.342202598438424 -33.28697807033037
 endloop
endfacet
facet normal -0.4528213901582104 0.07171986244718671 0.8887120174419509
 outer loop
  vertex 20.572483830236564 0.0 -28.315594803123158
  vertex 10.815594803123163 0.0 -33.28697807033037
  vertex 10.286241915118282 -3.342202598438424 -33.28697807033037
 endloop
endfacet
facet normal 0.15638647043136264 0.024769183593601123 -0.9873853145606972
 outer loop
  vertex 0.0 0.0 -35.0
  vertex 10.286241915118282 3.342202598438421 -33.28697807033037
  vertex 10.815594803123163 0.0 -33.28697807033037
 endloop
endfacet
facet normal 0.141078273096931 0.07188297051361142 -0.9873853145606972
 outer loop
  vertex 0.0 0.0 -35.0
  vertex 8.750000000000004 6.35724712004691 -33.28697807033037
  vertex 10.286241915118282 3.342202598438421 -33.28697807033037
 endloop
endfacet
facet normal 0.1119603514416442 0.1119603514416442 -0.9873853145606972
 outer loop
  vertex 0.0 0.0 -35.0
  vertex 6.35724712004691 8.750000000000004 -33.28697807033037
  vertex 8.750000000000004 6.35724712004691 -33.28697807033037
 endloop
endfacet
facet normal 0.07188297051361142 0.14107827309693097 -0.9873853145606972
 outer loop
  vertex 0.0 0.0 -35.0
  vertex 3.3422025984384214 10.286241915118282 -33.28697807033037
  vertex 6.35724712004691 8.750000000000004 -33.28697807033037
 endloop
endfacet
facet normal 0.024769183593601123 0.15638647043136264 -0.9873853145606972
 outer loop
  vertex 0.0 0.0 -35.0
  vertex 6.622641778259765e-16 10.815594803123163 -33.28697807033037
  vertex 3.3422025984384214 10.286241915118282 -33.28697807033037
 endloop
endfacet
facet normal -0.024769183593601023 0.1563864704313626 -0.9873853145606972
 outer loop
  vertex 0.0 0.0 -35.0
  vertex -3.3422025984384205 10.286241915118284 -33.28697807033037
  vertex 6.622641778259765e-16 10.815594803123163 -33.28697807033037
 endloop
endfacet
facet normal -0.07188297051361153 0.14107827309693094 -0.9873853145606972
 outer loop
  vertex 0.0 0.0 -35.0
  vertex -6.3572471200469085 8.750000000000004 -33.28697807033037
  vertex -3.3422025984384205 10.286241915118284 -33.28697807033037
 endloop
endfacet
facet normal -0.11196035144164419 0.11196035144164429 -0.9873853145606972
 outer loop
  vertex 0.0 0.0 -35.0
  vertex -8.750000000000002 6.357247120046911 -33.28697807033037
  vertex -6.3572471200469085 8.750000000000004 -33.28697807033037
 endloop
endfacet
facet normal -0.1410782730969309 0.07188297051361144 -0.9873853145606972
 outer loop
  vertex 0.0 0.0 -35.0
  vertex -10.286241915118282 3.3422025984384223 -33.28697807033037
  vertex -8.750000000000002 6.357247120046911 -33.28697807033037
 endloop
endfacet
facet normal -0.1563864704313626 0.02476918359360112 -0.9873853145606972
 outer loop
  vertex 0.0 0.0 -35.0
  vertex -10.815594803123163 1.324528355651953e-15 -33.28697807033037
  vertex -10.286241915118282 3.3422025984384223 -33.28697807033037
 endloop
endfacet
facet normal -0.15638647043136264 -0.024769183593600957 -0.9873853145606972
 outer loop
  vertex 0.0 0.0 -35.0
  vertex -10.286241915118286 -3.3422025984384156 -33.28697807033037
  vertex -10.815594803123163 1.324528355651953e-15 -33.28697807033037
 endloop
endfacet
facet normal -0.14107827309693094 -0.07188297051361152 -0.9873853145606972
 outer loop
  vertex 0.0 0.0 -35.0
  vertex -8.750000000000004 -6.3572471200469085 -33.28697807033037
  vertex -10.286241915118286 -3.3422025984384156 -33.28697807033037
 endloop
endfacet
facet normal -0.11196035144164429 -0.11196035144164419 -0.9873853145606972
 outer loop
  vertex 0.0 0.0 -35.0
  vertex -6.357247120046911 -8.750000000000002 -33.28697807033037
  vertex -8.750000000000004 -6.3572471200469085 -33.28697807033037
 endloop
endfacet
facet normal -0.07188297051361144 -0.14107827309693088 -0.9873853145606972
 outer loop
  vertex 0.0 0.0 -35.0
  vertex -3.3422025984384227 -10.286241915118282 -33.28697807033037
  vertex -6.357247120046911 -8.750000000000002 -33.28697807033037
 endloop
endfacet
facet normal -0.024769183593601123 -0.15638647043136264 -0.9873853145606972
 outer loop
  vertex 0.0 0.0 -35.0
  vertex -1.986792533477929e-15 -10.815594803123163 -33.28697807033037
  vertex -3.3422025984384227 -10.286241915118282 -33.28697807033037
 endloop
endfacet
facet normal 0.024769183593601023 -0.1563864704313626 -0.9873853145606972
 outer loop
  vertex 0.0 0.0 -35.0
  vertex 3.342202598438419 -10.286241915118284 -33.28697807033037
  vertex -1.986792533477929e-15 -10.815594803123163 -33.28697807033037
 endloop
endfacet
facet normal 0.0718829705136115 -0.14107827309693094 -0.9873853145606972
 outer loop
  vertex 0.0 0.0 -35.0
  vertex 6.357247120046908 -8.750000000000004 -33.28697807033037
  vertex 3.342202598438419 -10.286241915118284 -33.28697807033037
 endloop
endfacet
facet normal 0.11196035144164414 -0.11196035144164429 -0.9873853145606972
 outer loop
  vertex 0.0 0.0 -35.0
  vertex 8.750000000000002 -6.357247120046912 -33.28697807033037
  vertex 6.357247120046908 -8.750000000000004 -33.28697807033037
 endloop
endfacet
facet normal 0.14107827309693094 -0.07188297051361146 -0.9873853145606972
 outer loop
  vertex 0.0 0.0 -35.0
  vertex 10.286241915118282 -3.342202598438424 -33.28697807033037
  vertex 8.750000000000002 -6.357247120046912 -33.28697807033037
 endloop
endfacet
facet normal 0.1563864704313626 -0.0247691835936011 -0.9873853145606972
 outer loop
  vertex 0.0 0.0 -35.0
  vertex 10.815594803123163 0.0 -33.28697807033037
  vertex 10.286241915118282 -3.342202598438424 -33.28697807033037
 endloop
endfacet
endsolid
